"LASTNAME","FIRSTNAME","MIDNAME","BUSNAME","GENERAL","SPECIALTY","UPIN","NPI","DOB","ADDRESS","CITY","STATE","ZIP","EXCLTYPE","EXCLDATE","REINDATE","WAIVERDATE","WVRSTATE"
,," ","MEDICUS LABORATORIES, LLC","OTHER BUSINESS","LABORATORY",,"1841505153",,"7809 HANOVER STREET","DALLAS","TX","75225","BRCH SA","20181113","00000000","00000000",
,," ","REGIONAL MEDICAL SERVICES","OTHER BUSINESS","CLINIC",,"1356609812",,"725 N SHEPARD ST","ANAHEIM","CA","92806","1128b8","20181220","00000000","00000000",
"ABIFARIN","OLALEKAN"," ",,"IND- LIC HC SERV PRO","PHARMACIST",,"1487870507","19760719","550 GEO DRIVE, #75837-066","PHILIPSBURG","PA","16866","1128a4","20181220","00000000","00000000",
"ADAMS","HOLLY"," ",,"INDIVIDUAL (UNAFFILI","PERSONAL CARE PROVID",,"0000000000","19580518","817 HOLLYWOOD HEIGHTS ROAD","CASEYVILLE","IL","62232","1128a1","20181220","00000000","00000000",
"ALDERMAN","BOBBIE","A ",,"IND- LIC HC SERV PRO","NURSE/NURSES AIDE",,"0000000000","19710929","457 LUKE HELMS ROAD","MEADOWS OF DAN","VA","24120","1128b4","20181220","00000000","00000000",
"ALLEN","TOWANA","MARIA ",,"IND- LIC HC SERV PRO","NURSE/NURSES AIDE",,"0000000000","19761107","2018 MADISON STREET","UPPER DARBY","PA","19082","1128a1","20181220","00000000","00000000",
"ALMASSY","LAUREN","GERMAIN ",,"IND- LIC HC SERV PRO","NURSE/NURSES AIDE",,"0000000000","19810524","9739 KINGS PARADE BLVD., APT 2","CHARLOTTE","NC","28273","1128b4","20181220","00000000","00000000",
"ANDERSON","PATRICIA"," ",,"IND- LIC HC SERV PRO","OPTOMETRY",,"1063601128","19600607","2051 E TRIANGLE DR","LONGWOOD","FL","32779","1128b14","20181220","00000000","00000000",
"ARAGONA","KELLY","A ",,"IND- LIC HC SERV PRO","NURSE/NURSES AIDE",,"0000000000","19700520","5030 STATE ROUTE 31","CLAY","NY","13041","1128a1","20181220","00000000","00000000",
"ARGUDIN","LISSETT"," ",,"INDIVIDUAL (UNAFFILI","RECRUITER/CAPPER",,"0000000000","19710913","181 NW 97TH AVENUE, APT 506","MIAMI","FL","33172","1128a1","20181220","00000000","00000000",
"ASSOOFEE","STEVEN","G ",,"EMPLOYEE - PRIVATE S","PERSONAL CARE PROVID",,"0000000000","19930622","3853 JEROME AVENUE","SKOKIE","IL","60076","1128a1","20181220","00000000","00000000",
"AYALA","CELINA","DEL CARMEN ",,"BUS OWNER/EXEC","CLINIC",,"0000000000","19710201","7450 CANBY AVE, APT 12","RESEDA","CA","91335","1128a1","20181220","00000000","00000000",
"BAILEY","DAVID","WAYNE ",,"PHYSICIAN (MD, DO)","PEDIATRICS",,"1649339946","19640411","174 W JACKSON RD","SAN BERNARDINO","CA","92408","1128b14","20181220","00000000","00000000",
"BALDWIN","ANGILYNN","C ",,"IND- LIC HC SERV PRO","NURSE/NURSES AIDE",,"0000000000","19800220","3994 SAVANNAH CT","BOULDER","CO","80301","1128b4","20181220","00000000","00000000",
"BARNETT","JOHN","DANIEL ",,"IND- LIC HC SERV PRO","PHARMACIST",,"1598779167","19580620","P O BOX 204","UNIONVILLE","VA","22567","1128b4","20181220","00000000","00000000",
"BAUER","GAGE","SHELDON ",,"IND- LIC HC SERV PRO","THERAPIST",,"0000000000","19910430","2700 CORAL RIDGE AVE, #6070194","CORALVILLE","IA","52241","1128a2","20181220","00000000","00000000",
"BECKETT","DEREK","ANDREW ",,"IND- LIC HC SERV PRO","NURSE/NURSES AIDE",,"0000000000","19900507","116 DEER RUN ROAD","MILLS RIVER","NC","28759","1128b4","20181220","00000000","00000000",
"BENSON","TIFFANY","NICOLE ",,"IND- LIC HC SERV PRO","NURSE/NURSES AIDE",,"0000000000","19920111","724 IVEY ROAD","GRAHAM","NC","27253","1128b4","20181220","00000000","00000000",
"BILLINGS","JESSE","ALLEN ",,"IND- LIC HC SERV PRO","NURSE/NURSES AIDE",,"0000000000","19740318","3622 PHILMAR DR","TOLEDO","OH","43623","1128b4","20181220","00000000","00000000",
"BLAKEMAN","LLOYD","J III",,"PHYSICIAN (MD, DO)","FAMILY PRACTICE",,"1730231259","19521202","12407 SOUTH 83RD AVENUE, APT 1","PALOS PARK","IL","60464","1128b4","20181220","00000000","00000000",
"BLANKENSHIP","VENEFORD"," ",,"EMPLOYEE - PRIVATE S","SKILLED NURSING FAC",,"0000000000","19820628","P O BOX 14500, #14762-088","LEXINGTON","KY","40512","1128a3","20181220","00000000","00000000",
"BLOOM","ARMINDA","M ",,"IND- LIC HC SERV PRO","NURSE/NURSES AIDE",,"0000000000","19841002","850 RIDGEWOOD DRIVE, APT 6","FORT WAYNE","IN","46805","1128b4","20181220","00000000","00000000",
"BOCHNIARZ","AMANDA","ROSE ",,"IND- LIC HC SERV PRO","NURSE/NURSES AIDE",,"0000000000","19870111","3239 CHECKERED TAVERN ROAD","GASPORT","NY","14067","1128a1","20181220","00000000","00000000",
"BRAMES","KATHRYN","S ",,"IND- LIC HC SERV PRO","NURSE/NURSES AIDE",,"0000000000","19611012","4207 STANTON DRIVE","FORT WAYNE","IN","46815","1128b4","20181220","00000000","00000000",
"BROWN","KAREN","KAY ",,"INDIVIDUAL (UNAFFILI","PERSONAL CARE PROVID",,"0000000000","19530420","412 PINE ST, APT 76","SUTHERLAND","IA","51058","1128a1","20181220","00000000","00000000",
"BROWN, JR","MARK","RAYFIELD ",,"BUS OWNER/EXEC","MENTAL HEALTH FAC",,"0000000000","19731016","P O BOX 1000, # 63253-056","CUMBERLAND","MD","21501","1128a1","20181220","00000000","00000000",
"BUCHANAN","DAVID","A ",,"PHYSICIAN (MD, DO)","SURGERY",,"1972554228","19530526","W4610 BURKHALTER ROAD","MONROE","WI","53566","1128b4","20181220","00000000","00000000",
"BURT","KIM","M ",,"IND- LIC HC SERV PRO","NURSE/NURSES AIDE",,"0000000000","19770129","2820 NORTH MILLER LANE, N","CORINNE","UT","84307","1128b4","20181220","00000000","00000000",
"CAINION","VANESEA","RUTH ",,"IND- LIC HC SERV PRO","NURSE/NURSES AIDE",,"0000000000","19961220","71 BOB WHITE TRAIL","HAVANA","FL","32333","1128a1","20181220","00000000","00000000",
"CALDER","JASON","SCOTT ",,"IND- LIC HC SERV PRO","COUNSELOR",,"1760692842","19760514","14425 BITTERBUSH LANE, #235735","DRAPER","UT","84020","1128a2","20181220","00000000","00000000",
"CALHOUN","LANEIKA","TRENA ",,"IND- LIC HC SERV PRO","NURSE/NURSES AIDE",,"0000000000","19850401","914 EAST 15TH STREET","ANNISTON","AL","36207","1128b1","20181220","00000000","00000000",
"CAPPS","MEGAN"," ",,"IND- LIC HC SERV PRO","NURSE/NURSES AIDE",,"0000000000","19870920","417 SUSAN DRIVE","CHESAPEAKE","VA","23320","1128b4","20181220","00000000","00000000",
"CARNEVAL","HOPE"," ",,"IND- LIC HC SERV PRO","NURSE/NURSES AIDE",,"0000000000","19670129","3721 STERRETTANIA ROAD","ERIE","PA","16505","1128b4","20181220","00000000","00000000",
"CARPENTER","MICHAEL","WAYNE ",,"BUS OWNER/EXEC","COMM MNTL HLTH CNTR",,"1467708479","19761021","PO BOX 600, #BG0045, DAH156U","CHINO","CA","91708","1128a1","20181220","00000000","00000000",
"CHEE","WAKLEY","YONNIE ",,"IND- LIC HC SERV PRO","SOCIAL WORKER",,"1316067051","19640907","320 SOUTH 200 WEST, APT B401","SALT LAKE CITY","UT","84101","1128b4","20181220","00000000","00000000",
"CHIAPPELLI","AKIA","DANEEN ",,"EMPLOYEE - PRIVATE S","HOSPITAL",,"0000000000","19760430","5325 BRODER BLVD, #BDB755","DUBLIN","CA","94568","1128a4","20181220","00000000","00000000",
"COLLEY","TRACI","M ",,"IND- LIC HC SERV PRO","NURSE PRACTITIONER (",,"1821019308","19650612","121 PRESIDENTIAL BOULEVARD","VIRGINIA BEACH","VA","23452","1128b4","20181220","00000000","00000000",
"COLLINS","DEMECIA","DENISE ",,"INDIVIDUAL (UNAFFILI","PERSONAL CARE PROVID",,"0000000000","19871006","2588 GROVE WAY","CASTRO VALLEY","CA","94546","1128a1","20181220","00000000","00000000",
"COMBEE","JARED","AUSTIN ",,"INDIVIDUAL (UNAFFILI","PERSONAL CARE PROVID",,"0000000000","19870113","5347 188TH PLACE","MCALPIN","FL","32062","1128a1","20181220","00000000","00000000",
"CONWAY","ERICIA","B ",,"EMPLOYEE - PRIVATE S","PERSONAL CARE PROVID",,"0000000000","19750126","2310 QUINCY CIRCLE","ROCKFORD","IL","61103","1128a1","20181220","00000000","00000000",
"COOK","CARLA","WILSON ",,"IND- LIC HC SERV PRO","NURSE/NURSES AIDE",,"0000000000","19591210","47 TANGLEWOOD TRAIL","SPRUCE PINE","NC","28777","1128b4","20181220","00000000","00000000",
"COOKE","SANDRA"," ",,"IND- LIC HC SERV PRO","NURSE/NURSES AIDE",,"0000000000","19620522","GLEN RAY ROAD, BOX A, #84924-0","ALDERSON","WV","24910","1128a4","20181220","00000000","00000000",
"COONS","LYNSAY","GENE ",,"IND- LIC HC SERV PRO","NURSE/NURSES AIDE",,"0000000000","19890726","2822 SUNDOWN DRIVE","CHAMBERSBURG","PA","17202","1128b4","20181220","00000000","00000000",
"COOPER","CAROL","ANN ",,"IND- LIC HC SERV PRO","CHIROPRACTIC",,"1104975721","19570626","2111 FRONT ST, NE #3-202","SALEM","OR","97301","1128b14","20181220","00000000","00000000",
"COOPER","DEBORAH","PAULETTE ",,"BUS OWNER/EXEC","SKILLED NURSING FAC",,"0000000000","19550827","304 FARR HILL LANE","FARMERSVILLE","TX","75442","1128a2","20181220","00000000","00000000",
"CRUZ","JOSEPHINE"," ",,"EMPLOYEE - PRIVATE S","NURSING FIRM",,"0000000000","19630817","1234 SPOFFORD AVENUE, APT 5E","BRONX","NY","10474","1128a1","20181220","00000000","00000000",
"CUBELO","SHERWIN"," ",,"INDIVIDUAL (UNAFFILI","RECRUITER/CAPPER",,"0000000000","19820103","7529 MAGOUN AVENUE","HAMMOND","IN","46324","1128a1","20181220","00000000","00000000",
"CULBERTSON","HEATHER"," ",,"IND- LIC HC SERV PRO","NURSE/NURSES AIDE",,"0000000000","19800730","138 ARORA STREET","GATE CITY","VA","24251","1128b4","20181220","00000000","00000000",
"CULVER","REBECCA","L ",,"IND- LIC HC SERV PRO","NURSE/NURSES AIDE",,"0000000000","19820912","155 SILVER STREET, STE 4","WATERVILLE","ME","04901","1128b4","20181220","00000000","00000000",
"CUMMINGS","ROSA","PAYNE ",,"EMPLOYEE - PRIVATE S","PERSONAL CARE PROVID",,"0000000000","19590813","1618 N 48TH STREET","BATON ROUGE","LA","70802","1128a2","20181220","00000000","00000000",
"CURET-NIEVES","KAREN","ILEANA ",,"EMPLOYEE - ST/LOC/TR","STATE GOV'T",,"0000000000","19710119","P O BOX 1032, #48701-069","COLEMAN","FL","33521","1128a1","20181220","00000000","00000000",
"CURRIN","BARBARA","ANN ",,"BUS OWNER/EXEC","HOME HEALTH AGENCY",,"0000000000","19641222","1010 W SIXTH AVENUE, #246770","SHAKOPEE","MN","55379","1128a1","20181220","00000000","00000000",
"CURTIS","BRENT","E ",,"INDIVIDUAL (UNAFFILI","NO KNOWN AFFILIATION",,"0000000000","19610809","602 BOX BUTTE AVENUE, APT 142","HEMINGFORD","NE","69348","1128a1","20181220","00000000","00000000",
"CURTIS","NASTASSJA","N ",,"IND- LIC HC SERV PRO","HEALTH CARE AIDE",,"0000000000","19860818","1233 WARD HILL ROAD","PLYMOUTH","ME","04969","1128a2","20181220","00000000","00000000",
"DAWSON","MYYAHHNNA","S ",,"BUS OWNER/EXEC","MENTAL HEALTH FAC",,"1851714604","19760623","124 FIFTH STREET","HOUMA","LA","70364","1128a1","20181220","00000000","00000000",
"DEMERS","CHARLOTTE","ANGELINE ",,"IND- LIC HC SERV PRO","NURSE/NURSES AIDE",,"0000000000","19810103","52 SORRENTO STREET, FLOOR 3","PROVIDENCE","RI","02909","1128a3","20181220","00000000","00000000",
"DIVANBEIGI","FARAH"," ",,"IND- LIC HC SERV PRO","DENTIST",,"1982730511","19640121","2508 OCEAN FRONT DR","LAS VEGAS","NV","89128","1128b14","20181220","00000000","00000000",
"DOSSMAN","RACHEL","ANNE ",,"EMPLOYEE - PRIVATE S","PERSONAL CARE PROVID",,"0000000000","19820716","2221 MULDOON ROAD, SPC 182","ANCHORAGE","AK","99504","1128a1","20181220","00000000","00000000",
"DUBE-GALLO","JOHN","E ",,"IND- LIC HC SERV PRO","NURSE/NURSES AIDE",,"0000000000","19760104","29 WASHINGTON AVENUE","TORRINGTON","CT","06790","1128b4","20181220","00000000","00000000",
"DUKES","DEBRA","JANE ",,"INDIVIDUAL (UNAFFILI","PERSONAL CARE PROVID",,"0000000000","19620724","7020 S 22ND STREET, APT 301","LINCOLN","NE","68512","1128a1","20181220","00000000","00000000",
"DUPONT","CLAUDINE","NICOLE ",,"IND- LIC HC SERV PRO","PODIATRY",,"1285630186","19740410","610 GREENBRIER DRIVE, APT E","FREDERICKSBURG","VA","22039","1128b4","20181220","00000000","00000000",
"EICKERT","SABRINA","BETH ",,"INDIVIDUAL (UNAFFILI","NO KNOWN AFFILIATION",,"0000000000","19780126","1374 WASHINGTON ST","ANDOVER","IA","52701","1128a1","20181220","00000000","00000000",
"ELLIOTT","VICKIE","LYNN ",,"IND- LIC HC SERV PRO","NURSE/NURSES AIDE",,"0000000000","19710822","310 CARROLL BRANCH ROAD","PINEVILLE","KY","40977","1128b4","20181220","00000000","00000000",
"ELLIS","TADIA","R ",,"EMPLOYEE - PRIVATE S","PERSONAL CARE PROVID",,"0000000000","19851119","835 ROBIN LANE","JOLIET","IL","60432","1128a1","20181220","00000000","00000000",
"FALLIN","JULIA","HUTCHINS ",,"IND- LIC HC SERV PRO","NURSE/NURSES AIDE",,"0000000000","19771119","8815 HUTCHENS RD","STOKESDALE","NC","00000","1128b4","20181220","00000000","00000000",
"FASCINELLA","ANN","MARIE ",,"IND- LIC HC SERV PRO","NURSE/NURSES AIDE",,"0000000000","19650618","101 LAYTON STREET","SAYRE","PA","18840","1128a2","20181220","00000000","00000000",
"FEOLA","JOHN","PATRICK ",,"PHYSICIAN (MD, DO)","INTERNAL MEDICINE",,"1467474882","19640722","4501 FORD AVENUE, APT 1314","ALEXANDRIA","VA","22302","1128b4","20181220","00000000","00000000",
"FLOYD","FREDERICK","WILLIAM III",,"PHYSICIAN (MD, DO)","INTERNAL MEDICINE",,"1962448464","19590815","P O BOX 26020, #37179-034","BEAUMONT","TX","77720","1128a4","20181220","00000000","00000000",
"FORNEY","DENNIS"," ",,"EMPLOYEE - PRIVATE S","PERSONAL CARE PROVID",,"0000000000","19660104","2547 NORTH 28TH STREET","PHILADELPHIA","PA","19132","1128a1","20181220","00000000","00000000",
"FRENCH","ERICA","J ",,"IND- LIC HC SERV PRO","SOCIAL WORKER",,"1265882443","19821102","2735 LAVENDER STREET, #309","NEW ORLEANS","LA","70122","1128a1","20181220","00000000","00000000",
"FROMM","DAVID"," ",,"BUS OWNER/EXEC","LAB - CLINICAL",,"0000000000","19630829","P O BOX 76","BROOKFIELD","MA","01506","1128b5","20181220","00000000","00000000",
"GAITHER","LISA","M ",,"IND- LIC HC SERV PRO","NURSE/NURSES AIDE",,"0000000000","19580813","5203 APPLETREE DRIVE","ROANOKE","VA","24019","1128b4","20181220","00000000","00000000",
"GALLOWAY","JENNIFER","GREER ",,"IND- LIC HC SERV PRO","NURSE/NURSES AIDE",,"0000000000","19741204","220 EAST BUFFALO MEADOWS","WEST JEFFERSON","NC","28694","1128b4","20181220","00000000","00000000",
"GALT","JEFFREY","R ",,"IND- LIC HC SERV PRO","CHIROPRACTIC",,"1447356225","19560805","611 1ST ST N","CARRINGTON","ND","58421","1128b14","20181220","00000000","00000000",
"GARRETT","MARCIA"," ",,"IND- LIC HC SERV PRO","NURSE/NURSES AIDE",,"0000000000","19660926","406 4TH AVENUE","RAGLAND","AL","35131","1128b4","20181220","00000000","00000000",
"GARRETT","ROBERT"," ",,"INDIVIDUAL (UNAFFILI","PERSONAL CARE PROVID",,"0000000000","19900416","114 6TH AVENUE, APT REAR","TROY","NY","12180","1128a1","20181220","00000000","00000000",
"GARRO","GREGORY","LOUIS JR",,"IND- LIC HC SERV PRO","DENTIST",,"1013012350","19590115","400 STATE AVENUE, ROOM 131, #3","KANSAS CITY","KS","66101","1128a1","20181220","00000000","00000000",
"GARTLAND","CHARLES"," ",,"PHYSICIAN (MD, DO)","GENERAL PRACTICE",,"1902916984","19580212","1503 LANSDOWNE AVENUE, APT 300","DARBY","PA","19023","1128a1   ","20181220","00000000","00000000",
"GIVENS","LARRY"," ",,"PHYSICIAN (MD, DO)","RADIOLOGY",,"1306806617","19550803","2022 CAMERON CT","BARSTOW","CA","92311","1128b14","20181220","00000000","00000000",
"GOINS","RONDY","DWAYNE ",,"IND- LIC HC SERV PRO","PODIATRY",,"1508904798","19571212","13201 VICTORIA PARK DRIVE N","DETROIT","MI","48215","1128b14","20181220","00000000","00000000",
"GRAVES","TANYA","MARIE ",,"INDIVIDUAL (UNAFFILI","PERSONAL CARE PROVID",,"0000000000","19710715","3425 SHERWIN DR","SCHERTZ","TX","78108","1128a1","20181220","00000000","00000000",
"GRAYSON","DONNA"," ",,"IND- LIC HC SERV PRO","NURSE/NURSES AIDE",,"0000000000","19550915","396 HARRIS LOOP","KINGSLAND","TX","78639","1128b4","20181220","00000000","00000000",
"GUERRA","LISBETH","I ",,"IND- LIC HC SERV PRO","THERAPIST",,"1831203975","19620310","401 N MIAMI AVE","MIAMI","FL","33128","1128a1","20181220","00000000","00000000",
"GUILBAULT","STEPHEN","CONVINGTON ",,"BUS OWNER/EXEC","CLINIC",,"0000000000","19731115","P O BOX 26020, #37278-034","BEAUMONT","TX","77720","1128a1   ","20181220","00000000","00000000",
"HAINES","NATASHA"," ",,"IND- LIC HC SERV PRO","NURSE PRACTITIONER (",,"1336457571","19830113","116 E BALSAM STREET","LIBBY","MT","59923","1128b4","20181220","00000000","00000000",
"HAMMONDS","SABRINA"," ",,"IND- LIC HC SERV PRO","NURSE/NURSES AIDE",,"0000000000","19750504","9179 HIGHWAY 71 NORTH","RED SPRINGS","NC","28377","1128b4","20181220","00000000","00000000",
"HARRIS","TORMARCO","SANTONIO ",,"BUS OWNER/EXEC","CLINIC",,"0000000000","19860222","18800 ROXBURY ROAD, #00465735","HAGERSTOWN","MD","21746","1128a4","20181220","00000000","00000000",
"HARVEY","STACEY","L ",,"IND- LIC HC SERV PRO","TECHNICIAN",,"0000000000","19750113","1869 N 211TH DR","BUCKEYE","AZ","85396","1128a4","20181220","00000000","00000000",
"HILL","HARLAN","R ",,"BUS OWNER/EXEC","DME - HEARING AID",,"0000000000","19640117","P O BOX 1500, #54420-177","EL RENO","OK","73036","1128a1","20181220","00000000","00000000",
"HOGGARD","KENNETH","DWAYNE ",,"IND- LIC HC SERV PRO","PHARMACIST",,"0000000000","19540902","P O BOX 34","BEAR RIVER CITY","UT","84301","1128b4","20181220","00000000","00000000",
"JACKSON","CHARLES"," JR",,"IND- LIC HC SERV PRO","PODIATRY",,"1760535926","19510204","820 N DALMONT STREET","HOBBS","NM","88240","1128b14","20181220","00000000","00000000",
"JACKSON","JENNIFER","NICOLE ",,"IND- LIC HC SERV PRO","NURSE/NURSES AIDE",,"0000000000","19840609","7175 BEECHLAND AVENUE","LOUISVILLE","KY","40258","1128b4","20181220","00000000","00000000",
"JACOBS","LYNETTE","NICOLE ",,"INDIVIDUAL (UNAFFILI","PERSONAL CARE PROVID",,"0000000000","19810706","425 NW 50TH PL","DES MOINES","IA","50313","1128a1","20181220","00000000","00000000",
"JACQUET","MELISSA","LUCIENNE ",,"IND- LIC HC SERV PRO","NURSE/NURSES AIDE",,"0000000000","19891003","5928 HAVERFORD AVENUE","PHILADELPHIA","PA","19151","1128b4","20181220","00000000","00000000",
"JEANLOUIS","ROBIN","LACEY ",,"EMPLOYEE - PRIVATE S","PERSONAL CARE PROVID",,"0000000000","19850324","1889 B SMEDE HIGHWAY","SAINT MARTINVILLE","LA","70582","1128a1","20181220","00000000","00000000",
"JERNIGAN","SHERRY","SCOTT ",,"PHYSICIAN (MD, DO)","GENERAL PRACTICE",,"0000000000","19510706","23017 DOVER DR","LAND O LAKES","FL","34639","1128b14","20181220","00000000","00000000",
"JINNO","KELLY","DIANNA ",,"IND- LIC HC SERV PRO","NURSE/NURSES AIDE",,"0000000000","19871124","51 KELLER ROAD","NEW FREEDOM","PA","17349","1128a4","20181220","00000000","00000000",
"JOHNSON","CHAR DA","LYNN ",,"EMPLOYEE - PRIVATE S","COMM MNTL HLTH CNTR",,"1245598234","19850723","2234 W DAKOTA AVENUE, APT #137","FRESNO","CA","93705","1128a1","20181220","00000000","00000000",
"JOHNSON","PAULA","J ",,"EMPLOYEE - PRIVATE S","MENTAL HEALTH FAC",,"0000000000","19870901","133 MARGIE COLE ROAD","CALHOUN","LA","71225","1128a1","20181220","00000000","00000000",
"JONES","JANICE","M ",,"IND- LIC HC SERV PRO","LICENSED PRACTITIONE",,"0000000000","19670828","180 CICERO AVENUE","GREENEVILLE","TN","37743","1128b4","20181220","00000000","00000000",
"JONES","KATHRYN","ANN ",,"IND- LIC HC SERV PRO","NURSE/NURSES AIDE",,"0000000000","19650430","725 CUNNINGHAM AVENUE","NEW CASTLE","PA","16101","1128b4","20181220","00000000","00000000",
"JONES","REBECCA","A ",,"IND- LIC HC SERV PRO","NURSE/NURSES AIDE",,"0000000000","19820108","105 SIMMS SHORE ROAD","OGDENSBURG","NY","13669","1128a2","20181220","00000000","00000000",
"JOSEPH","BRIAN","ANTHONY SR",,"EMPLOYEE - PRIVATE S","PERSONAL CARE PROVID",,"1679091193","19630828","11400 SOUTH EASTERLYN CIRCLE","NEW ORLEANS","LA","70128","1128a1","20181220","00000000","00000000",
"KERBY","SHAWN","MICHAEL ",,"IND- LIC HC SERV PRO","DENTIST",,"1851447304","19781018","P O BOX 1000 #18007-030","LEAVENWORTH","KS","66048","1128a4","20181220","00000000","00000000",
"KERN","PATRICK","M ",,"IND- LIC HC SERV PRO","THERAPIST",,"0000000000","19841004","637 SOUTH ELLSWORTH AVENUE","ADDISON","IL","60101","1128b4","20181220","00000000","00000000",
"KERSTEEN","DALE","JOHN ",,"IND- LIC HC SERV PRO","NURSE/NURSES AIDE",,"0000000000","19840626","189 RIVERS STREET, APT 2","KINGSTON","PA","18704","1128b4","20181220","00000000","00000000",
"KIRKLAND","ANGELA","LOCKET ",,"EMPLOYEE - PRIVATE S","CLINIC",,"0000000000","19581009","P O BOX 4000, #29034-034","ALICEVILLE","AL","35442","1128a1","20181220","00000000","00000000",
"KLOPE","HANNAH","REBECCA ",,"IND- LIC HC SERV PRO","NURSE/NURSES AIDE",,"0000000000","19891004","5070 COLD SPRINGS ROAD","WEST PADUCAH","KY","42086","1128b4","20181220","00000000","00000000",
"KNIGHT","CASSANDRA"," ",,"IND- LIC HC SERV PRO","NURSE/NURSES AIDE",,"0000000000","19850529","8 REYNOLDS AVENUE","CLIO","AL","36017","1128b4","20181220","00000000","00000000",
"KODACK","JESSICA","JEAN ",,"IND- LIC HC SERV PRO","NURSE/NURSES AIDE",,"0000000000","19810104","110 SHORT STREET","COAL TOWNSHIP","PA","17866","1128b4","20181220","00000000","00000000",
"LAROSE","TONYA","ROSANNA ",,"IND- LIC HC SERV PRO","NURSE/NURSES AIDE",,"0000000000","19700705","6124 ARBOR DRIVE","SHREWSBURY","MA","01545","1128b4","20181220","00000000","00000000",
"LAZENBY","MARNIE","K ",,"IND- LIC HC SERV PRO","PHARMACIST",,"0000000000","19691122","6526 SPRING BROOK ROAD, APT 10","ROCKFORD","IL","61114","1128b14","20181220","00000000","00000000",
"LE","THUY","HONG ",,"BUS OWNER/EXEC","CLINIC",,"0000000000","19741108","P O BOX 2000, #49814-048","FOLKSTON","GA","31537","1128a4","20181220","00000000","00000000",
"LEHMANN","JESSICA","LOUISE ",,"IND- LIC HC SERV PRO","NURSE/NURSES AIDE",,"0000000000","19860604","946 LOCUST AVENUE","PITTSBURGH","PA","15234","1128b4","20181220","00000000","00000000",
"LONG","EUGENE","ROY ",,"PHYSICIAN (MD, DO)","INTERNAL MEDICINE",,"1073511192","19510605","3018 HAMILL ROAD","HIXSON","TN","37343","1128b4","20181220","00000000","00000000",
"LOPEZ","IMELDA","MARTINEZ ",,"IND- LIC HC SERV PRO","NURSE/NURSES AIDE",,"0000000000","19660128","1215 EAST 28TH ST","LOS ANGELES","CA","90011","1128b4","20181220","00000000","00000000",
"LORBER","BURTON","EDWARD ",,"IND- LIC HC SERV PRO","DENTIST",,"1144367479","19580224","12 BELMONT ST","WHITE PLAINS","NY","10605","1128b14","20181220","00000000","00000000",
"LYDDON","ARIELLE","JEAN ",,"IND- LIC HC SERV PRO","PHARMACY TECHNICIAN",,"0000000000","19901124","1050 EAST BRIGHAM ROAD, APT 4","SAINT GEORGE","UT","84790","1128b4","20181220","00000000","00000000",
"MAGSBY","JAMES"," ",,"EMPLOYEE - PRIVATE S","PERSONAL CARE PROVID",,"0000000000","19730718","14115 WESTERN AVENUE, TRAILER","BLUE ISLAND","IL","60406","1128a1","20181220","00000000","00000000",
"MALDONADO","VIVIAN","Y ",,"IND- LIC HC SERV PRO","THERAPIST",,"1700053022","19630328","16225 EMERALD COVE ROAD","WESTON","FL","33331","1128a1","20181220","00000000","00000000",
"MANZANO","RIADEL","RAMOS ",,"IND- LIC HC SERV PRO","NURSE/NURSES AIDE",,"1386183572","19720419","10 OAKLEY LANE","EAST WILLISTON","NY","11596","1128a2","20181220","00000000","00000000",
"MARTINEZ","RODOLFO","M ",,"EMPLOYEE - PRIVATE S","HOME HEALTH AGENCY",,"0000000000","19670130","4050 W 10TH COURT","HIALEAH","FL","33012","1128a1","20181220","00000000","00000000",
"MCKENZIE","JENNIFER","MCFEE ",,"IND- LIC HC SERV PRO","NURSE/NURSES AIDE",,"0000000000","19830805","904 FORREST DR SOUTH","BIRMINGHAM","AL","35209","1128b4","20181220","00000000","00000000",
"MCNAMARA","DAWN"," ",,"IND- LIC HC SERV PRO","PHARMACY TECHNICIAN",,"0000000000","19651231","626 WEST 43RD PLACE, APT BSMNT","CHICAGO","IL","60609","1128b4","20181220","00000000","00000000",
"MEASHINTUBBY","MELANIE","DIAN ",,"IND- LIC HC SERV PRO","NURSE/NURSES AIDE",,"0000000000","19820517","1811 RESERVOIR ROAD, APT 15","LITTLE ROCK","AR","72227","1128a3","20181220","00000000","00000000",
"MEDINA","RICHARD","GONALEZ ",,"IND- LIC HC SERV PRO","NURSE/NURSES AIDE",,"0000000000","19920307","121 RED SCHOOL HOUSE ROAD,  #1","FISHKILL","NY","12524","1128a2","20181220","00000000","00000000",
"MEEHAN","KATHLEEN","A ",,"IND- LIC HC SERV PRO","DENTIST",,"1245445931","19691118","1116 BENNETT DRIVE","WOODBURY","NJ","08096","1128b14","20181220","00000000","00000000",
"MESSO","RALPH","K JR",,"PHYSICIAN (MD, DO)","INTERNAL MEDICINE",,"1255309175","19610903","P O BOX 2000, #67159-050","JOINT BASE MDL","NJ","08640","1128a1   ","20181220","00000000","00000000",
"MEYERS","MATTHEW"," ",,"IND- LIC HC SERV PRO","NURSE PRACTITIONER (",,"0000000000","19750804","229 MCNEELEY DRIVE","LA FOLLETTE","TN","37766","1128a1","20181220","00000000","00000000",
"MICHEL","MARIE","V ",,"IND- LIC HC SERV PRO","NURSE/NURSES AIDE",,"0000000000","19710310","136 NORTH DUNTON AVENUE","PATCHOGUE","NY","11772","1128a2","20181220","00000000","00000000",
"MILLS","DONALD"," ",,"IND- LIC HC SERV PRO","NURSE/NURSES AIDE",,"0000000000","19840216","882 E 7TH STREET, LOT 29","POWELL","WY","82435","1128b4","20181220","00000000","00000000",
"MISURACA","GREESY","GABRIELA ",,"IND- LIC HC SERV PRO","THERAPIST",,"0000000000","19730612","P O BOX 1032, #16252-104","COLEMAN","FL","33521","1128a1","20181220","00000000","00000000",
"MODELL","CRAIG","A ",,"IND- LIC HC SERV PRO","PSYCHOLOGY",,"1366552887","19490818","236 AQUA VIEW ROAD","CEDARBURG","WI","53012","1128b4","20181220","00000000","00000000",
"MOORE","JACOB","LESLIE ",,"EMPLOYEE - PRIVATE S","SKILLED NURSING FAC",,"0000000000","19740424","17823 E DAYSTAR RD","SPOKANE","WA","99016","1128a2","20181220","00000000","00000000",
"MORSE","MATTHEW","R ",,"INDIVIDUAL (UNAFFILI","PERSONAL CARE PROVID",,"0000000000","19870427","102 SUNSET COURT, APT 3","HAMBURG","NY","14075","1128a1","20181220","00000000","00000000",
"MURPHY","REGINALD"," ",,"EMPLOYEE - PRIVATE S","INTER CARE FACILITY",,"0000000000","19950512","3521 GANGES ST","GULFPORT","MS","39501","1128a2","20181220","00000000","00000000",
"NEWMAN","ALAN"," ",,"PHYSICIAN (MD, DO)","GENERAL PRACTICE","E24440","1649331646","19560222","6836 SOUTH CRANDON AVE, APT 1","CHICAGO","IL","60649","1128a1","20181220","00000000","00000000",
"NEWSHAM","DAVID","ANTHONY ",,"IND- LIC HC SERV PRO","DENTIST",,"1861593899","19620419","1735 N RIVERSIDE AVE","RIALTO","CA","92376","1128b14","20181220","00000000","00000000",
"NGUYEN","QUYNAM"," ",,"PHYSICIAN (MD, DO)","INTERNAL MEDICINE",,"1255452454","19580611","12511 GROVEVIEW ST","GARDEN GROVE","CA","92840","1128a3","20181220","00000000","00000000",
"NORRIS","TIERA"," ",,"IND- LIC HC SERV PRO","PHARMACY TECHNICIAN",,"0000000000","19901217","8011  SOUTH AVALON AVENUE","CHICAGO","IL","60619","1128b4","20181220","00000000","00000000",
"OKORIE","UCHENNA","OBIOMA ",,"INDIVIDUAL (UNAFFILI","NO KNOWN AFFILIATION",,"1336426402","19790112","12112 SYLVESTER DRIVE","OKLAHOMA CITY","OK","73162","1128a1","20181220","00000000","00000000",
"ONWUCHURUBA","DARYL","NNAMDI ",,"IND- LIC HC SERV PRO","COUNSELOR",,"1811234453","19880605","16117 JULIET DRIVE","EDMOND","OK","73013","1128a1","20181220","00000000","00000000",
"OROS","MICHAEL","KEVIN ",,"IND- LIC HC SERV PRO","DENTIST",,"1225146640","19590419","39 WEST MAIN STREET","AVON","NY","14414","1128b1","20181220","00000000","00000000",
"PARKMAN-THOMPSON","SANDRA"," ",,"EMPLOYEE - PRIVATE S","DME - ORTHOTICS",,"0000000000","19541024","P O BOX1032, #05449-095","COLEMAN","FL","33521","1128a1","20181220","00000000","00000000",
"PARSONS","ELIZABETH"," ",,"EMPLOYEE - PRIVATE S","INTER CARE FACILITY",,"0000000000","19850627","210 COUNTY ROAD 1212,  APT 27","BAY SPRINGS","MS","39422","1128a2","20181220","00000000","00000000",
"PATTERSON","ELIZABETH"," ",,"EMPLOYEE - PRIVATE S","ASSISTED LIVING FACI",,"0000000000","19800409","10720 ROAD 505","UNION","MS","39365","1128b1","20181220","00000000","00000000",
"PELLEGRINI","JOHN","HENRY ",,"PHYSICIAN (MD, DO)","FAMILY PRACTICE",,"1801080247","19541229","4988 CAMP BRANCH ROAD","HUNTINGTON","WV","25701","1128b14","20181220","00000000","00000000",
"PENNY","NATHAN","REID ",,"IND- LIC HC SERV PRO","NURSE/NURSES AIDE",,"0000000000","19700903","2659-A NELDA DRIVE","MONROE","NC","28110","1128b4","20181220","00000000","00000000",
"PERRY","TIFFANY","WATSON ",,"IND- LIC HC SERV PRO","NURSE/NURSES AIDE",,"0000000000","19900819","94 POINDEXTER RD","ROXBORO","NC","27574","1128b4","20181220","00000000","00000000",
"PERSSON","JENNY","ROSE ",,"IND- LIC HC SERV PRO","NURSE/NURSES AIDE",,"1396179974","19830503","1419 BEAUFORT ST","LARAMIE","WY","82072","1128b4","20181220","00000000","00000000",
"PIEARSON","VANESSA","A ",,"IND- LIC HC SERV PRO","NURSE/NURSES AIDE",,"0000000000","19911119","1001 CHERRY ST, APT 207","DES MOINES","IA","50309","1128b4","20181220","00000000","00000000",
"PIERCE","KAREN"," ",,"INDIVIDUAL (UNAFFILI","RECIPT/BENEFICIARY",,"0000000000","19610110","1650 CHAMPLIN AVENUE","UTICA","NY","13502","1128a1","20181220","00000000","00000000",
"PINA","MAURO","JESSE ",,"EMPLOYEE - PRIVATE S","ASSISTED LIVING FACI",,"0000000000","19900909","19145 SHERMAN WAY, APT 202","RESEDA","CA","91335","1128b1","20181220","00000000","00000000",
"PIOTTI","SHELBY"," ",,"INDIVIDUAL (UNAFFILI","PERSONAL CARE PROVID",,"0000000000","19721107","124 SEBRING ROAD","NEWFIELD","NY","14867","1128a1","20181220","00000000","00000000",
"PORTER","KEVIN","L ",,"INDIVIDUAL (UNAFFILI","REPRESENTATIVE PAYEE",,"0000000000","19670226","1911 BELLEVUE ROAD","HARRISBURG","PA","17104","1128a1","20181220","00000000","00000000",
"PORTER","RENATA","M ",,"EMPLOYEE - PRIVATE S","PERSONAL CARE PROVID",,"0000000000","19800115","214 SCOTT STREET","ERIE","PA","16508","1128a1","20181220","00000000","00000000",
"RAGLAND","SUZETTE"," ",,"INDIVIDUAL (UNAFFILI","REPRESENTATIVE PAYEE",,"0000000000","19610802","3319 URBAN AVENUE","COLUMBUS","GA","31907","1128a1","20181220","00000000","00000000",
"RIKER","LISA","MARIE ",,"IND- LIC HC SERV PRO","NURSE/NURSES AIDE",,"0000000000","19750709","1901 EAST GRANDVIEW BOULEVARD","ERIE","PA","16510","1128b4","20181220","00000000","00000000",
"RINALDO","NICOLE","C ",,"IND- LIC HC SERV PRO","NURSE/NURSES AIDE",,"0000000000","19860206","217 14TH AVENUE","SYLVAN BEACH","NY","13157","1128a2","20181220","00000000","00000000",
"ROGERS","DACY","L ",,"IND- LIC HC SERV PRO","NURSE/NURSES AIDE",,"0000000000","19820402","113 DEBORANN DRIVE","CARRIER MILLS","IL","62917","1128a3","20181220","00000000","00000000",
"ROOD","ANGEL","MARIE ",,"IND- LIC HC SERV PRO","NURSE/NURSES AIDE",,"0000000000","19880615","201 EAST 8TH STREET","OSWEGO","NY","13126","1128a2","20181220","00000000","00000000",
"ROSS","AMNEY"," ",,"IND- LIC HC SERV PRO","NURSE/NURSES AIDE",,"0000000000","19850926","7292 NORTH COUNTY ROAD, 1300 E","SEYMOUR","IN","47274","1128b4","20181220","00000000","00000000",
"ROWE","KIMBERLY","MARIE ",,"IND- LIC HC SERV PRO","NURSE/NURSES AIDE",,"0000000000","19780223","222 KEMP STREET","GASSVILLE","AR","72635","1128a3","20181220","00000000","00000000",
"SAIN","DANA","TROUTMAN ",,"IND- LIC HC SERV PRO","NURSE PRACTITIONER (",,"0000000000","19830301","559 HICKS CREEK ROAD","TROUTMAN","NC","28166","1128b4","20181220","00000000","00000000",
"SCOUT","CHERYL"," ",,"IND- LIC HC SERV PRO","NURSE/NURSES AIDE",,"0000000000","19491119","827 NORTH LEWIS ROAD, APT 210","ROYERSFORD","PA","19468","1128b4","20181220","00000000","00000000",
"SEENANAN","SAVITRI"," ",,"INDIVIDUAL (UNAFFILI","PERSONAL CARE PROVID",,"0000000000","19700721","1240 SE 27TH STREET","OCALA","FL","34471","1128a2","20181220","00000000","00000000",
"SERGENT","KATRINA","LARAE ",,"IND- LIC HC SERV PRO","NURSE/NURSES AIDE",,"0000000000","19751114","8136 MARSH HILL COURT","ASHLAND","KY","41102","1128b4","20181220","00000000","00000000",
"SERRO","ROBIN","OYSTER ",,"IND- LIC HC SERV PRO","NURSE/NURSES AIDE",,"1154842987","19861101","1810 MOBILE ROAD","LYNCHBURG","VA","24503","1128b4","20181220","00000000","00000000",
"SHERROD","NICHOLAS","MCINTIRE ",,"IND- LIC HC SERV PRO","NURSE/NURSES AIDE",,"0000000000","19831003","1504 CLOVER LANE","FORT WORTH","TX","76107","1128b4","20181220","00000000","00000000",
"SHORTNACY","LESLIE","DEANNE ",,"IND- LIC HC SERV PRO","NURSE/NURSES AIDE",,"0000000000","19691019","1500 HIGHGLEN TRL","KAUFMAN","TX","75142","1128b4","20181220","00000000","00000000",
"SICILIANO","ANTONIA"," ",,"IND- LIC HC SERV PRO","OPTOMETRY",,"1568655975","19721007","150 PARKWAY N, APT 1A","YONKERS","NY","10704","1128b14","20181220","00000000","00000000",
"SIMPSON","RICKEY","DARNELL ",,"EMPLOYEE - PRIVATE S","PERSONAL CARE PROVID",,"0000000000","19580727","3325 PINES ROAD","SHREVEPORT","LA","71119","1128a1","20181220","00000000","00000000",
"SMITH","DANIEL","EDWARD ",,"INDIVIDUAL (UNAFFILI","RECIPT/BENEFICIARY",,"0000000000","19590314","1780 NAPLES DRIVE","CENTRAL POINT","OR","97502","1128a1","20181220","00000000","00000000",
"SMITH","DAVIS"," ",,"EMPLOYEE - PRIVATE S","PERSONAL CARE PROVID",,"0000000000","19670406","544 HARMONY STREET","COATESVILLE","PA","19320","1128a1","20181220","00000000","00000000",
"SNYDER","PETER","CLIFFORD III",,"BUS OWNER/EXEC","CLINIC",,"0000000000","19801205","10567 WORCESTER HIGHWAY","BERLIN","MD","21811","1128a4","20181220","00000000","00000000",
"SPEARS","TIMOTHY","PAUL ",,"IND- LIC HC SERV PRO","CHIROPRACTIC",,"1518176064","19641228","2017 S COOPER STREET","ARLINGTON","TX","76010","1128b14","20181220","00000000","00000000",
"STABLER","WEHNONA","LEA ",,"EMPLOYEE - HHS","EMPLOYEE - GM/GS-15",,"0000000000","19571206","966 24TH RD","PENDER","NE","68047","1128a3","20181220","00000000","00000000",
"STATEN","HALISI"," ",,"IND- LIC HC SERV PRO","PSYCHOLOGY",,"1881610673","19500427","6964 HARBOR TOWN WAY","STONE MOUNTAIN","GA","30087","1128a1","20181220","00000000","00000000",
"STITH","DEVONNE","S ",,"IND- LIC HC SERV PRO","NURSE/NURSES AIDE",,"1699923052","19690602","110 MERLIN STREET","ROCHESTER","NY","14613","1128a1","20181220","00000000","00000000",
"SUN","HUAYING"," ",,"IND- LIC HC SERV PRO","THERAPIST",,"0000000000","19630114","2713 PENBROOK DRIVE","MOUNT PLEASANT","WI","53406","1128a2","20181220","00000000","00000000",
"TAYLOR","EUGENE","ALTON COZELL ",,"BUS OWNER/EXEC","COMM MNTL HLTH CNTR",,"1467700842","19790818","P O BOX 2500, #BG0052-A33-15L","SUSANVILLE","CA","96127","1128a1","20181220","00000000","00000000",
"THOMAS","KEVIN"," ",,"EMPLOYEE - PRIVATE S","SUBCONTRACTOR (NON-H",,"0000000000","19740428","1830 INVERNESS DRIVE","FAYETTEVILLE","NC","28304","1128a1","20181220","00000000","00000000",
"THOMAS","LISA","PALMER ",,"IND- LIC HC SERV PRO","NURSE/NURSES AIDE",,"0000000000","19671031","4350 TIDMORE BEND ROAD","GADSDEN","AL","35901","1128b4","20181220","00000000","00000000",
"THOMAS","VERONICA","INEZ ",,"EMPLOYEE - PRIVATE S","PERSONAL CARE PROVID",,"0000000000","19690519","911 LINCOLN STREET","OAKDALE","LA","71463","1128a1","20181220","00000000","00000000",
"TIGHE","GERALD"," ",,"INDIVIDUAL (UNAFFILI","NO KNOWN AFFILIATION",,"0000000000","19570815","26 S ARLENE DRIVE, SOUTH","WEST LONG BRANCH","NJ","07764","1128a3","20181220","00000000","00000000",
"UMUNNAKWE","MICHAEL"," ",,"IND- LIC HC SERV PRO","NURSE/NURSES AIDE",,"0000000000","19820507","3014 HARRELL DRIVE, APT 2","GRAND PRAIRIE","TX","75052","1128a1","20181220","00000000","00000000",
"VAN CLEAVE","VICTOR"," ",,"IND- LIC HC SERV PRO","PHARMACY TECHNICIAN",,"0000000000","19880623","P O BOX 4000 #18271-030","ROCHESTER","MN","55903","1128a4","20181220","00000000","00000000",
"VELASQUEZ","ERNESTO","R ",,"EMPLOYEE - PRIVATE S","HOME HEALTH AGENCY",,"0000000000","19730630","P O BOX 2000, #16253-104","FOLKSTON","GA","31537","1128a1","20181220","00000000","00000000",
"VIDOVICH","KRISTIN"," ",,"IND- LIC HC SERV PRO","NURSE/NURSES AIDE",,"0000000000","19671031","660 LUTHERAN LANE","GREENOCK","PA","15047","1128a4","20181220","00000000","00000000",
"VILLARREAL","BARBARA","ASTRID ",,"BUS OWNER/EXEC","CLINIC",,"1831386309","19590102","14131 CYPRESS SANDS LN","MORENO VALLEY","CA","92553","1128a1","20181220","00000000","00000000",
"VILLEGAS","ISRAEL"," ",,"IND- LIC HC SERV PRO","CHIROPRACTIC",,"1619072634","19610513","837 SUNRISE CT","GODDARD","KS","67052","1128b14","20181220","00000000","00000000",
"VILLERE","ANDRE","LOUIS ",,"IND- LIC HC SERV PRO","NURSE/NURSES AIDE",,"0000000000","19611105","2982 PALM DRIVE","SLIDELL","LA","70458","1128a2","20181220","00000000","00000000",
"VIRA","JOHN"," ",,"IND- LIC HC SERV PRO","CHIROPRACTIC",,"1477617827","19680407","444 REDBUD COURT","WARRINGTON","PA","18976","1128a3","20181220","00000000","00000000",
"WADE","RANDALL","WILLIAM ",,"PHYSICIAN (MD, DO)","FAMILY PRACTICE",,"1881782373","19510215","P O BOX 15330, #26694-078","FORT WORTH","TX","76119","1128a4","20181220","00000000","00000000",
"WHITE","NICHOLAS"," ",,"EMPLOYEE - PRIVATE S","PERSONAL CARE PROVID",,"0000000000","19870403","1332 SOUTH KEELER AVENUE","CHICAGO","IL","60623","1128a1","20181220","00000000","00000000",
"WILLIAMS","DEBORAH","JEAN ",,"IND- LIC HC SERV PRO","NURSE/NURSES AIDE",,"0000000000","19560129","26445 BRANCH ROAD","ATHENS","AL","35613","1128b1","20181220","00000000","00000000",
"WILLIAMS","FRANKIE"," ",,"EMPLOYEE - PRIVATE S","PERSONAL CARE PROVID",,"0000000000","19620614","1503 ANDERSON STREET","NEW IBERIA","LA","70560","1128a1","20181220","00000000","00000000",
"WILLIAMS","JOHNNIE"," ",,"INDIVIDUAL (UNAFFILI","NO KNOWN AFFILIATION",,"0000000000","19561103","547 ELLERY ST","SAN JOSE","CA","95127","1128b14","20181220","00000000","00000000",
"YUSON","DONATO"," ",,"INDIVIDUAL (UNAFFILI","RECRUITER/CAPPER",,"0000000000","19391203","5142 HIGHLAND VIEW AVENUE","LOS ANGELES","CA","90041","1128a1","20181220","00000000","00000000",
