"LASTNAME","FIRSTNAME","MIDNAME","BUSNAME","GENERAL","SPECIALTY","UPIN","NPI","DOB","ADDRESS","CITY","STATE","ZIP","EXCLTYPE","EXCLDATE","REINDATE","WAIVERDATE","WVRSTATE"
,," ","ASSISTANCE BY IMPROV II, INC","OTHER BUSINESS","CLINIC",,"1548560683",,"953 SOUTHERN BLVD","BRONX","NY","10459","1128a1","20200720","00000000","00000000",
,," ","DOC SOLUTIONS, LLC","OTHER BUSINESS","MANUF/LESSOR SUPP/EQ",,"0000000000",,"15163 BEAM STREET","NOBLESVILLE","IN","46060","1128b7","20200601","00000000","00000000",
,," ","SAS HEALTHCARE, INC","OTHER BUSINESS","HOSPITAL",,"1578878245",,"7000 US HWY 287","ARLINGTON","TX","76001","1128a1","20200720","00000000","00000000",
"ABILLEIRA","ENRIQUE","D ",,"EMPLOYEE - PRIVATE S","PHYS THERAPY PROVIDE",,"0000000000","19470331","6505 SW 90TH COURT","MIAMI","FL","33173","1128a1","20200720","00000000","00000000",
"ACHONG","ANGEL","LUIS ",,"INDIVIDUAL (UNAFFILI","NO KNOWN AFFILIATION",,"0000000000","19581002","967 W 33RD ST","HIALEAH","FL","33012","1128a1","20200720","00000000","00000000",
"ADAMS","VICKIE","PHANELSON ",,"BUS OWNER/EXEC","MENTAL/BEHAVIORAL HE",,"0000000000","19660503","P O BOX 14500, #22255-084","LEXINGTON","KY","40512","1128a1","20200720","00000000","00000000",
"ADAMS","WILL"," ",,"INDIVIDUAL (UNAFFILI","RECIPT/BENEFICIARY",,"0000000000","19570531","1903 BOND AVE","EAST SAINT LOUIS","IL","62207","1128a1","20200720","00000000","00000000",
"ADJEI","ANITA"," ",,"IND- LIC HC SERV PRO","NURSE/NURSES AIDE",,"0000000000","19860510","23 CORNERSTONE DRIVE","STAFFORD","VA","22554","1128a1","20200720","00000000","00000000",
"AGNEW","MICHAEL","JOSEPH ",,"IND- LIC HC SERV PRO","NURSE/NURSES AIDE",,"0000000000","19871019","7034 WOODBINE AVE","SACRAMENT","CA","95822","1128a3","20200720","00000000","00000000",
"AHMED","AHMEDNUR"," ",,"BUS OWNER/EXEC","TRANSPORTATION CO",,"0000000000","19561021","2048 50TH ST NW","ROCHESTER","MN","55901","1128a1","20200720","00000000","00000000",
"AHMED","ASM","AKTER ",,"PHYSICIAN (MD, DO)","GENERAL PRACTICE",,"1053475814","19600101","3504 MARLENE DR","WARREN","MI","48092","1128a1   ","20200720","00000000","00000000",
"AKINWUMI","ABBEY","A ",,"PHYSICIAN (MD, DO)","INTERNAL MEDICINE",,"1144244708","19591224","P O BOX 1000, #48555-039","MORGANTOWN","WV","26507","1128a1   ","20200720","00000000","00000000",
"ALARCON","MARCIA","D ",,"IND- LIC HC SERV PRO","NURSE/NURSES AIDE",,"0000000000","19721203","2418 PINE STREET","PUEBLO","CO","81004","1128b4","20200720","00000000","00000000",
"ALDEZA","ALBERT","TABACO ",,"INDIVIDUAL (UNAFFILI","NO KNOWN AFFILIATION",,"0000000000","19761103","7531 RANDAMAR PLACE","ANCHORAGE","AK","99507","1128a1","20200720","00000000","00000000",
"ALDEZA","GEORGE","LAZAGA ",,"INDIVIDUAL (UNAFFILI","NO KNOWN AFFILIATION",,"0000000000","19731020","3735 SCENIC VIEW DRIVE","ANCHORAGE","AK","99504","1128a1","20200720","00000000","00000000",
"ALDEZA","REGINO","TABACO ",,"INDIVIDUAL (UNAFFILI","RECIPT/BENEFICIARY",,"0000000000","19700108","7770 MAYFAIR CIRCLE, APARTMENT","ANCHORAGE","AK","99502","1128a1","20200720","00000000","00000000",
"ALDEZA","VICTOR","TABACO ",,"EMPLOYEE - PRIVATE S","PERSONAL CARE PROVID",,"0000000000","19590306","3735 SCENIC VIEW DRIVE","ANCHORAGE","AK","99504","1128a1","20200720","00000000","00000000",
"ALI","ABDIKADIR","DAHIR ",,"BUS OWNER/EXEC","TRANSPORTATION CO",,"0000000000","19690205","1818 14TH AVE S, APT 37","MINNEAPOLIS","MN","55404","1128a1","20200720","00000000","00000000",
"ALLEN","TERRY","ROBERT ",,"IND- LIC HC SERV PRO","DENTIST",,"1407909401","19460823","4366 KUKUI GROVE STREET, SUITE","LIHUE","HI","96766","1128a3","20200720","00000000","00000000",
"ALMS","THOMAS","HARMON JR",,"IND- LIC HC SERV PRO","DENTIST",,"1437140217","19550802","2217 W SILVER LEAF DR","MAPLETON","UT","84664","1128a1","20200720","00000000","00000000",
"AMARRAH","ATHEIR"," ",,"BUS OWNER/EXEC","HOME HEALTH AGENCY",,"0000000000","19740709","5730 PUTNAM DR, 1","WEST BLOOMFIELD","MI","48323","1128a1","20200720","00000000","00000000",
"AMATO","ANDREA"," ",,"IND- LIC HC SERV PRO","NURSE/NURSES AIDE",,"0000000000","19631219","3018 HISS AVE","PARKVILLE","MD","21234","1128b4","20200720","00000000","00000000",
"AMOS","JASON"," ",,"EMPLOYEE - PRIVATE S","INTER CARE FACILITY",,"0000000000","19991013","22689 MS-63, #223689","LEAKESVILLE","MS","39451","1128a2","20200720","00000000","00000000",
"ANDERSON","KIMBERLEY","SUE ",,"BUS OWNER/EXEC","MARKETING FIRM",,"0000000000","19670910","2032 FLORIDA ST","VALRICO","FL","33594","1128a3","20200720","00000000","00000000",
"ANDREWS","XANDRIA"," ",,"INDIVIDUAL (UNAFFILI","PERSONAL CARE PROVID",,"0000000000","19740210","801 SADDLE PEAK DR","RAYMORE","MO","64083","1128a1","20200720","00000000","00000000",
"ANJOMSHOAA","ANDREA","NEDA ",,"IND- LIC HC SERV PRO","SOCIAL WORKER",,"1811146673","19860731","2784 MCALLISTER STREET","SAN FRANCISCO","CA","94118","1128b4","20200720","00000000","00000000",
"ANKERS","MELISSA","DESRRIA ",,"IND- LIC HC SERV PRO","DENTAL HYGIENIST",,"0000000000","19790909","P O BOX 710782","SANTEE","CA","92072","1128b4","20200720","00000000","00000000",
"ANTOINE","EMMANUELLA"," ",,"IND- LIC HC SERV PRO","NURSE/NURSES AIDE",,"0000000000","19541222","1751 ALBANY AVENUE, APT 1","BROOKLYN","NY","11210","1128a2","20200720","00000000","00000000",
"ARCINIEGA","BRITTANY","ANNE ",,"IND- LIC HC SERV PRO","NURSE/NURSES AIDE",,"0000000000","19870228","7472 EARHART AVENUE","HESPERIA","CA","92345","1128b4","20200720","00000000","00000000",
"AVERY-KELLY","ARNITA"," ",,"IND- LIC HC SERV PRO","PODIATRY","U16495","1801998943","19620725","GLEN RAY RD, BOX A, #70579-019","ALDERSON","WV","24910","1128a4","20200720","00000000","00000000",
"BADR","ASHRAF"," ",,"IND- LIC HC SERV PRO","PHARMACIST",,"1609901891","19690226","MAXWELL AIR FORCE BASE, #70861","MONTGOMERY","AL","36112","1128a1","20200720","00000000","00000000",
"BALDIZZI","ANTHONY"," ",,"PHYSICIAN (MD, DO)","GENERAL PRACTICE",,"1679545149","19630809","6303 COUNTY RD 500, #67283-018","WILDWOOD","FL","34785","1128a3","20200720","00000000","00000000",
"BARCHA","ODETTE","C ",,"IND- LIC HC SERV PRO","NURSE/NURSES AIDE",,"0000000000","19660703","17051 NE 35TH AVENUE, APT 109","NORTH MIAMI BEACH","FL","33160","1128a1","20200720","00000000","00000000",
"BARRY","JULIE","ANN ",,"IND- LIC HC SERV PRO","NURSE/NURSES AIDE",,"0000000000","19880211","405 WASHINGTON STREET, APT 12","NORWELL","MA","02061","1128b4","20200720","00000000","00000000",
"BASSETT","DANIEL","ALAN ",,"IND- LIC HC SERV PRO","NURSE/NURSES AIDE",,"0000000000","19840330","7367 CUNNINGHAM STREET","HIGHLAND","CA","92346","1128b4","20200720","00000000","00000000",
"BATTHAUER","JULIE","ANN ",,"IND- LIC HC SERV PRO","NURSE/NURSES AIDE",,"0000000000","19701229","5060 W COUNTY ROAD 700 S, APT","DALEVILLE","IN","47334","1128b1","20200720","00000000","00000000",
"BEAR","RAYMOND","MATTHEW ",,"INDIVIDUAL (UNAFFILI","RECRUITER/CAPPER",,"0000000000","19710831","1570 WATERS EDGE DRIVE","FLEMING ISLAND","FL","32003","1128a3","20200720","00000000","00000000",
"BEG","YUSAF","ZAFAR ",,"IND- LIC HC SERV PRO","PHARMACIST",,"1467414763","19521019","801 HARDING ST","SAINT PETERS","MO","63376","1128a1","20200720","00000000","00000000",
"BENJAMIN","CARL"," ",,"EMPLOYEE - PRIVATE S","PSYCHOLOGIC PRACTICE",,"0000000000","19780217","25311 TOWN WALK ROAD","HAMDEN","CT","06518","1128a2","20200720","00000000","00000000",
"BENSON","ERIKA","JEANETTE ",,"IND- LIC HC SERV PRO","NURSE/NURSES AIDE",,"0000000000","19910923","593 NASSAU RD","MARCO ISLAND","FL","34145","1128b4","20200720","00000000","00000000",
"BENTLEY","TALISHA"," ",,"IND- LIC HC SERV PRO","NURSE/NURSES AIDE",,"0000000000","19881207","5709 N 39TH STREET","MILWAUKEE","WI","53209","1128a1","20200720","00000000","00000000",
"BHARILL","PARTH"," ",,"PHYSICIAN (MD, DO)","GASTROENTEROLOGY","F36997","1902894322","19580609","51 LONG MEADOW DRIVE, LOT 212","PITTSBURGH","PA","15238","1128a4","20200720","00000000","00000000",
"BISHOP","BRIANA","LYNN ",,"IND- LIC HC SERV PRO","NURSE/NURSES AIDE",,"0000000000","19890321","1308 NEW AVENUE, APT F","SAN GABRIEL","CA","91776","1128b4","20200720","00000000","00000000",
"BLAKE","KRISTEL"," ",,"INDIVIDUAL (UNAFFILI","NO KNOWN AFFILIATION",,"0000000000","19721221","3840 KNAPP STREET","OSHKOSH","WI","54902","1128a2","20200720","00000000","00000000",
"BLUNT","JASMINE"," ",,"IND- LIC HC SERV PRO","NURSE/NURSES AIDE",,"0000000000","19960207","17546 CULPS BLUFF AVENUE","BATON ROUGE","LA","70817","1128a2","20200720","00000000","00000000",
"BOINPALLY","ASHOK"," ",,"PHYSICIAN (MD, DO)","PEDIATRICS",,"1255421384","19520801","26868 HOLLY HILL DRIVE","FARMINGTON HILLS","MI","48334","1128a1","20200720","00000000","00000000",
"BONDS-THROWER","DANYELL"," ",,"IND- LIC HC SERV PRO","NURSE/NURSES AIDE",,"0000000000","19740824","4514 HEATH CIRCLE","ROHNERT PARK","CA","94928","1128b4","20200720","00000000","00000000",
"BOTRUFF","CHRISTINA","MARVEL ",,"IND- LIC HC SERV PRO","NURSE/NURSES AIDE",,"0000000000","19750318","512 5 29 25 ROAD B","GRAND JUNCTION","CO","81504","1128b4","20200720","00000000","00000000",
"BRADFORD","LAIN","ROBERT ",,"EMPLOYEE - PRIVATE S","PSYCHOLOGIC PRACTICE",,"0000000000","19690131","432 E BOUNDARY AVE, SE","AIKEN","SC","29801","1128a1   ","20200720","00000000","00000000",
"BRAGG","SAMBRA","DIANE ",,"INDIVIDUAL (UNAFFILI","PERSONAL CARE PROVID",,"0000000000","19780928","4789 COURTNEY DR","FOREST PARK","GA","30297","1128a1","20200720","00000000","00000000",
"BRAND","JONATHAN"," ",,"EMPLOYEE - PRIVATE S","SUBSTANCE ABUSE REHA",,"0000000000","19820219","1308 STATION WAY","HUNTINGTON STATION","NY","11746","1128a1","20200720","00000000","00000000",
"BRANDON","WENDELL","STEPHEN ",,"BUS OWNER/EXEC","HOSPICE",,"0000000000","19840505","P O BOX 5000, #18380-042","YAZOO CITY","MS","39194","1128a1","20200720","00000000","00000000",
"BRAVO","YOHANA","CARIDAD ",,"INDIVIDUAL (UNAFFILI","RECRUITER/CAPPER",,"0000000000","19860620","401 N MIAMI AVE, #18040-104","MIAMI","FL","33128","1128a1","20200720","00000000","00000000",
"BREEZE","LINDSEY","D ",,"IND- LIC HC SERV PRO","NURSE/NURSES AIDE",,"0000000000","19870508","6205 ESCALADE PT","COLORADO SPRINGS","CO","80923","1128b4","20200720","00000000","00000000",
"BROWN","SAMANTHA","JO ",,"IND- LIC HC SERV PRO","THERAPIST",,"0000000000","19930506","906 FULTON STREET SE, UNIT 2","MINNEAPOLIS","MN","55414","1128a1","20200720","00000000","00000000",
"BROWN","SATIN","SHAMKIA ",,"IND- LIC HC SERV PRO","NURSE/NURSES AIDE",,"0000000000","19870423","410 BANANA CAY DRIVE, APT E","SOUTH DAYTONA","FL","32119","1128a3","20200720","00000000","00000000",
"BUCK","MICKEY","RAY ",,"IND- LIC HC SERV PRO","NURSE/NURSES AIDE",,"0000000000","19810323","2940 TIMBERLAKE CIR","CHANDLERSVILLE","OH","43727","1128b4","20200720","00000000","00000000",
"BUCKINGHAM","JAMES"," ",,"BUS OWNER/EXEC","MARKETING FIRM",,"0000000000","19620813","P O BOX 1000, #51642-479","MORGANTOWN","WV","26507","1128a3","20200720","00000000","00000000",
"BUSTABAD","ORLANDO"," ",,"INDIVIDUAL (UNAFFILI","NO KNOWN AFFILIATION",,"0000000000","19560810","P O BOX 1000, #16233-104","WHITE DEER","PA","17887","1128a1","20200720","00000000","00000000",
"CABALLERO","CHRISTINE","YVONNE ",,"IND- LIC HC SERV PRO","NURSE/NURSES AIDE",,"0000000000","19921229","44645 VIA VENICE","LA QUINTA","CA","92253","1128a2","20200720","00000000","00000000",
"CAMILLI-QUINLAN","RIHANNA","C ",,"IND- LIC HC SERV PRO","NURSE/NURSES AIDE",,"0000000000","19760817","4968 ALTO ST","EUREKA","CA","95503","1128b4","20200720","00000000","00000000",
"CAMPBELL","DEBORAH"," ",,"IND- LIC HC SERV PRO","NURSE/NURSES AIDE",,"1679792543","19531020","695 CHELSEA AVENUE","BEXLEY","OH","43209","1128a1","20200720","00000000","00000000",
"CAPEN","DANIEL","ALEXANDER ",,"PHYSICIAN (MD, DO)","ORTHOPEDICS",,"1801946496","19491007","P O BOX 6000, #76722-112","FLORENCE","CO","81226","1128a3","20200720","00000000","00000000",
"CARPENTER","KAREN"," ",,"INDIVIDUAL (UNAFFILI","FOSTER CARE PROVIDER",,"0000000000","19861105","1221 MCCARLEY DRIVE","COLUMBUS","OH","43228","1128a1","20200720","00000000","00000000",
"CARREIRO","THERESA","NICOLE ",,"IND- LIC HC SERV PRO","NURSE/NURSES AIDE",,"0000000000","19811203","17 TROWBRIDGE ROAD","BUZZARDS BAY","MA","02532","1128b4","20200720","00000000","00000000",
"CASALE","DEBORAH","A ",,"IND- LIC HC SERV PRO","NURSE/NURSES AIDE",,"1326293937","19670625","105 POET STREET, #3","NORTH BABYLON","NY","11703","1128a3","20200720","00000000","00000000",
"CASTANON","SUSANA","CARIDAD ",,"EMPLOYEE - PRIVATE S","PHYS THERAPY PROVIDE",,"0000000000","19701012","401 N MIAMI AVENUE, #19984-104","MIAMI","FL","33128","1128a1","20200720","00000000","00000000",
"CAVAZOS","JULIAN","MAXIMO ",,"IND- LIC HC SERV PRO","NURSE/NURSES AIDE",,"0000000000","19860826","4438 E 95TH COURT","THORNTON","CO","80229","1128b4","20200720","00000000","00000000",
"CHAMBLESS","KRISTIE","R ",,"INDIVIDUAL (UNAFFILI","NO KNOWN AFFILIATION",,"0000000000","19730806","115 TULLEY STREET","CHURUBUSCO","IN","46723","1128a1","20200720","00000000","00000000",
"CHOATE","CLEAWNI","J ",,"INDIVIDUAL (UNAFFILI","PERSONAL CARE PROVID",,"0000000000","19770818","407 E HOWARD ST","SEDALIA","MO","65301","1128a1","20200720","00000000","00000000",
"CLAFFEY","LISA RAE","JEAN ",,"IND- LIC HC SERV PRO","TECHNICIAN",,"0000000000","19610520","29141 US HIGHWAY 19 N, LOT 90","CLEARWATER","FL","33761","1128a3","20200720","00000000","00000000",
"CLITES","PAUL","LINCOLN ",,"IND- LIC HC SERV PRO","NURSE/NURSES AIDE",,"0000000000","19831230","3663 W 1ST ST","THATCHER","AZ","85552","1128a3","20200720","00000000","00000000",
"COCO-SIMON","LESIA","ANN ",,"IND- LIC HC SERV PRO","NURSE/NURSES AIDE",,"0000000000","19671205","1401 STATE SCHOOL RD, #0226211","GATESVILLE","TX","76528","1128b4","20200720","00000000","00000000",
"COLE","ANTHONY","JAMES ",,"IND- LIC HC SERV PRO","PHARMACIST",,"1811029127","19800326","P O BOX 2000, #56536-039","BRUCETON MILLS","WV","26525","1128a1","20200720","00000000","00000000",
"COLLINS","KIA","MARIE ",,"IND- LIC HC SERV PRO","HEALTH CARE AIDE",,"0000000000","19901007","358 WINIFRED STREET E, APT 2","SAINT PAUL","MN","55107","1128a1","20200720","00000000","00000000",
"COMSTOCK","JOSEPH"," ",,"IND- LIC HC SERV PRO","PARAMEDIC TECHNICIAN",,"0000000000","19860813","409 N CORAL ST","GALLATIN","MO","64640","1128a4","20200720","00000000","00000000",
"CRIDER","DEBBIE"," ",,"INDIVIDUAL (UNAFFILI","PERSONAL CARE PROVID",,"0000000000","19770523","951 CHALKER STREET","AKRON","OH","44310","1128a1","20200720","00000000","00000000",
"DAUZAT","MONICA","ANN BORDELON ",,"IND- LIC HC SERV PRO","NURSE/NURSES AIDE",,"0000000000","19660822","1504 HIGHWAY 453","MARKSVILLE","LA","71351","1128b4","20200720","00000000","00000000",
"DAVIDSON","NYERERE","C ",,"INDIVIDUAL (UNAFFILI","NO KNOWN AFFILIATION",,"0000000000","19851103","3232 GEORGIA AVE NW, APT 211","WASHINGTON","DC","20010","1128a1","20200720","00000000","00000000",
"DAVINI","MICHAEL","JAMES ",,"BUS OWNER/EXEC","TRANSPORTATION CO",,"0000000000","19600502","205 ROCKY HILL ROAD","NORTHAMPTON","MA","01060","1128a1","20200720","00000000","00000000",
"DIAZ","YAMILET","BENITA ",,"INDIVIDUAL (UNAFFILI","RECRUITER/CAPPER",,"0000000000","19680506","P O BOX 1031, #18730-104","COLEMAN","FL","33521","1128a1","20200720","00000000","00000000",
"DIMKPA","OKECHUKWU"," ",,"PHYSICIAN (MD, DO)","INTERNAL MEDICINE",,"1205894243","19690618","P O BOX 1009,  #35060-057","WELCH","WV","24801","1128a4","20200720","00000000","00000000",
"DO","ANH"," ",,"PHYSICIAN (MD, DO)","GENERAL PRACTICE",,"1184611725","19410612","727 E CESAR E CHAVEZ BLVD, SUI","SEAGOVILLE","TX","78206","1128a1","20200720","00000000","00000000",
"DODEK","JOANNA"," ",,"EMPLOYEE - PRIVATE S","PERSONAL CARE PROVID",,"0000000000","19570426","13927 SE 22ND STREET","BELLEVUE","WA","98005","1128a1","20200720","00000000","00000000",
"DONNERSBACH-PARRA","DIANA","LIZBETH ",,"IND- LIC HC SERV PRO","PHARMACY TECHNICIAN",,"0000000000","19870927","3536 GLORIA AVE","BULLHEAD CITY","AZ","86442","1128a3","20200720","00000000","00000000",
"DOUGLAS","SHIRLEY","ANN ",,"BUS OWNER/EXEC","PHYS THERAPY PROVIDE",,"0000000000","19490309","GLEN RAY RD, BOX A, #54800-039","ALDERSON","WV","24910","1128a4","20200720","00000000","00000000",
"EDWARDS","WILSON"," ",,"EMPLOYEE - PRIVATE S","PERSONAL CARE PROVID",,"0000000000","19590611","2219 EDGLEY STREET, UNIT D","PHILADELPHIA","PA","19121","1128a1","20200720","00000000","00000000",
"ELADMA","MOHAMED","HASSAN ",,"IND- LIC HC SERV PRO","PHARMACIST",,"1659695468","19631223","145 HARRISON AVE, APT 301","JERSEY CITY","NJ","07304","1128a1","20200720","00000000","00000000",
"ELIAS","PHILIP","PAUL ",,"IND- LIC HC SERV PRO","NURSE/NURSES AIDE",,"0000000000","19820803","1842 OCHSNER BLVD, APT 221","COVINGTON","LA","70433","1128b4","20200720","00000000","00000000",
"ELLERBY","MARY","L ",,"EMPLOYEE - PRIVATE S","PERSONAL CARE PROVID",,"0000000000","19630512","7810 CLYDE STONE DRIVE","ELKINS PARK","PA","19027","1128a1","20200720","00000000","00000000",
"EVANS","CHIEKO"," ",,"EMPLOYEE - PRIVATE S","PHYS THERAPY PROVIDE",,"0000000000","19830408","17209 CENTRALIA","REDFORD","MI","48240","1128a1","20200720","00000000","00000000",
"FEYGIN","LAZAR","I ",,"PHYSICIAN (MD, DO)","INTERNAL MEDICINE",,"1356389399","19470214","165 PLANK ROAD, P O BOX 975, #","COXSACKIE","NY","12051","1128a1   ","20200720","00000000","00000000",
"FISCHER","CHARLES"," ",,"PHYSICIAN (MD, DO)","PSYCHIATRY",,"1346340098","19520917","1675 SOUTH FM 3525, #02104945","COLORADO CITY","TX","79512","1128a2","20200720","00000000","00000000",
"FISHER","CHARLENE","LATICE ",,"IND- LIC HC SERV PRO","NURSE/NURSES AIDE",,"0000000000","19861029","10550 ASHBY RD","JACKSONVILLE","FL","32218","1128a3","20200720","00000000","00000000",
"FRANCIS","GERALDINE","HAMILTON ",,"INDIVIDUAL (UNAFFILI","PERSONAL CARE PROVID",,"0000000000","19650524","109 HERLIL CIRCLE","CARENCRO","LA","70520","1128a1","20200720","00000000","00000000",
"FUQUA","MALIK"," ",,"BUS OWNER/EXEC","PHYS THERAPY PROVIDE",,"0000000000","19700421","19121 STRATHCONA DR","DETROIT","MI","48203","1128a4","20200720","00000000","00000000",
"GAMBLE","KEITH","ROMUND ",,"IND- LIC HC SERV PRO","NURSE/NURSES AIDE",,"0000000000","19700306","616 N BEAUFORT AVE, B","LUBBOCK","TX","79416","1128b4","20200720","00000000","00000000",
"GARCIA","NORKA","MARIA ",,"BUS OWNER/EXEC","REHAB FACILITY - GEN",,"0000000000","19770201","P O BOX 1031, #20124-104","COLEMAN","FL","33521","1128a1","20200720","00000000","00000000",
"GARCIA CAPOTE","ERNESTO"," ",,"INDIVIDUAL (UNAFFILI","RECRUITER/CAPPER",,"0000000000","19800419","P O BOX 3949, #19875-104","PENSACOLA","FL","32516","1128a1","20200720","00000000","00000000",
"GIAMBERINI","ANDREW"," ",,"IND- LIC HC SERV PRO","EMERGENCY MED TECH",,"0000000000","19610914","1102 SW 26TH AVE","BOYNTON BEACH","FL","33426","1128b4","20200720","00000000","00000000",
"GIBSON","KEITH","EDWARD ",,"IND- LIC HC SERV PRO","NURSE/NURSES AIDE",,"0000000000","19690815","40457 CORINGA PLACE","TEMECULA","CA","92591","1128b4","20200720","00000000","00000000",
"GIDLEY","SHANNON","M ",,"EMPLOYEE - PRIVATE S","HOSPITAL",,"0000000000","19790305","1262 COLUMBUS STREET","WABASH","IN","46992","1128a3","20200720","00000000","00000000",
"GILLEYLEN","LONIA","MAE ",,"EMPLOYEE - PRIVATE S","HOME HEALTH AGENCY",,"0000000000","19601110","4134 OAK PARK DR, SE, APT 217","GRAND RAPIDS","MI","49508","1128a1","20200720","00000000","00000000",
"GONZALEZ","ARLENE","ALEXANDRA ",,"INDIVIDUAL (UNAFFILI","RECIPT/BENEFICIARY",,"0000000000","19590923","385 ALEXANDRA CIR, APT PALM","FORT LAUDERDALE","FL","33326","1128a1","20200720","00000000","00000000",
"GONZALEZ-BILLI","AURELIA","EMILY ",,"INDIVIDUAL (UNAFFILI","PERSONAL CARE PROVID",,"0000000000","19670926","P O BOX 1561","ABERDEEN","WA","98520","1128a1","20200720","00000000","00000000",
"GOODIN","PACITA","PALILEO ",,"INDIVIDUAL (UNAFFILI","PERSONAL CARE PROVID",,"0000000000","19501125","323 1/2 NORTH AVE, APT 52","LOS ANGELES","CA","90042","1128a1","20200720","00000000","00000000",
"GORDON","ROSEMARY"," ",,"EMPLOYEE - PRIVATE S","PERSONAL CARE PROVID",,"0000000000","19570124","479 GRAND AVE","CENTRAL POINT","OR","97502","1128a1","20200720","00000000","00000000",
"GRAZIA","PAUL","LIM ",,"IND- LIC HC SERV PRO","SOCIAL WORKER",,"1992162390","19840624","18 OSBORNE AVENUE","SOUTH PORTLAND","ME","04106","1128a1","20200720","00000000","00000000",
"GREER","SHEKITA","SHARAY ",,"INDIVIDUAL (UNAFFILI","PERSONAL CARE PROVID",,"0000000000","19720316","5461 EAST BRENNER PASS","MINNEAPOLIS","MN","55432","1128a1","20200720","00000000","00000000",
"HAKAMAKI","MARY","JOY ",,"IND- LIC HC SERV PRO","NURSE/NURSES AIDE",,"0000000000","19631119","10019 EVERGREEN CT, N","MINNEAPOLIS","MN","55443","1128a2","20200720","00000000","00000000",
"HALL","CARLA","CARTRESE ",,"EMPLOYEE - PRIVATE S","PERSONAL CARE PROVID",,"0000000000","19740101","P O BOX 30022 PMB 35803, #1149","DURHAM","NC","27702","1128a1","20200720","00000000","00000000",
"HALL-BAILEY","SHARONIA","MONIQUE ",,"EMPLOYEE - PRIVATE S","PERSONAL CARE PROVID",,"0000000000","19790413","P O BOX 30022 PMB 35803, #1754","DURHAM","NC","27702","1128a1","20200720","00000000","00000000",
"HALLIBURTON","ROBIN","STEPHANIE ",,"INDIVIDUAL (UNAFFILI","RECRUITER/CAPPER",,"0000000000","19720602","75 SUMMER MESA AVENUE","PONTE VEDRA","FL","32081","1128a3","20200720","00000000","00000000",
"HAMKA","GHASSAN","JAAFAR ",,"IND- LIC HC SERV PRO","PHARMACIST",,"0000000000","19860418","P O BOX 6001, #56538-039","ASHLAND","KY","41105","1128a1","20200720","00000000","00000000",
"HAMM","LUCIERA"," ",,"IND- LIC HC SERV PRO","NURSE/NURSES AIDE",,"0000000000","19950227","21046 NE 20TH AVE","LAWTEY","FL","32058","1128b4","20200720","00000000","00000000",
"HANISCH","JOSHUA","BLAKE ",,"IND- LIC HC SERV PRO","CHIROPRACTIC",,"1295020410","19800503","5002 NE MICHAEL CT","ANKENY","IA","50021","1128b4","20200720","00000000","00000000",
"HARAMBASIC","ZLATAN"," ",,"INDIVIDUAL (UNAFFILI","PERSONAL CARE PROVID",,"0000000000","19900902","7814 ROUTE 116","ST GEORGE","VT","05495","1128a1","20200720","00000000","00000000",
"HARFORD","DANIELLE","LEE ",,"IND- LIC HC SERV PRO","NURSE/NURSES AIDE",,"0000000000","19720610","1301 WILSON STREET","ARKADELPHIA","AR","71923","1128b4","20200720","00000000","00000000",
"HARLEY","LAURIE","BETH ",,"IND- LIC HC SERV PRO","NURSE/NURSES AIDE",,"0000000000","19791020","3324 S FIELD STREET, APT 194","LAKEWOOD","CO","80227","1128b4","20200720","00000000","00000000",
"HARRIS","JACQUELINE"," ",,"EMPLOYEE - PRIVATE S","COMM MNTL HLTH CNTR",,"0000000000","19630105","1600 ELDRIDGE PARKWAY, APT 804","HOUSTON","TX","77077","1128a1","20200720","00000000","00000000",
"HARRIS","SHEILA","MARIE ",,"IND- LIC HC SERV PRO","PHYSICAL THERAPY",,"1568499960","19650129","P O BOX 5000, #05902-122","GREENVILLE","IL","62246","1128a3","20200720","00000000","00000000",
"HARRIS","VINEAS"," ",,"INDIVIDUAL (UNAFFILI","RECRUITER/CAPPER",,"0000000000","19560603","7549 GREENWAY LN","WEST BLOOMFIELD","MI","48324","1128a4","20200720","00000000","00000000",
"HARRISON","MIKARI","DEON ",,"IND- LIC HC SERV PRO","NURSE/NURSES AIDE",,"0000000000","19970206","7348 COUNTY RD 213","WILDWOOD","FL","34785","1128a3","20200720","00000000","00000000",
"HASSAN","MUSTAF"," ",,"INDIVIDUAL (UNAFFILI","PERSONAL CARE PROVID",,"0000000000","19840101","200 WILSON AVE NE, APT 9","SAINT CLOUD","MN","56304","1128a1","20200720","00000000","00000000",
"HEARD","VICKIE"," ",,"INDIVIDUAL (UNAFFILI","RECIPT/BENEFICIARY",,"0000000000","19580506","1827 E RIVIERA DR","COLUMBIA","MO","65202","1128a1","20200720","00000000","00000000",
"HELLMAN","MICHAEL","DOUGLAS SR",,"PHYSICIAN (MD, DO)","ANESTHESIOLOGY",,"1093935512","19460612","101 LINDEN LN","FORT WORTH","TX","76107","1128a4","20200720","00000000","00000000",
"HENRY","CHARMAINE","ALBERTA ",,"IND- LIC HC SERV PRO","HEALTH CARE AIDE",,"0000000000","19890621","1107 QUEEN AVE, N","MINNEAPOLIS","MN","55411","1128a1","20200720","00000000","00000000",
"HENSON","ANGELA","KAY ",,"EMPLOYEE - PRIVATE S","DENTAL PRACTICE",,"0000000000","19710422","1201 E 9TH STREET","LITTLE ROCK","AR","72202","1128a3","20200720","00000000","00000000",
"HERRERA-ENRIQUEZ","YOISLER"," ",,"BUS OWNER/EXEC","PHYS THERAPY PROVIDE",,"0000000000","19850911","P O BOX 630, #21053-040","WINTON","NC","27986","1128a3","20200720","00000000","00000000",
"HILLIE","MICHAEL","D ",,"BUS OWNER/EXEC","ADULT HOME",,"0000000000","19880221","1005 W BIRCH DR, APT A9","GULFPORT","MS","39503","1128a3","20200720","00000000","00000000",
"HILLMAN","ANDREW","JONATHAN ",,"BUS OWNER/EXEC","PHARMACY",,"0000000000","19760305","P O  BOX 7000, #33631-177","TEXARKANA","TX","75505","1128a1   ","20200720","00000000","00000000",
"HOLLAND","HANNAH"," ",,"BUS OWNER/EXEC","HOME HEALTH AGENCY",,"0000000000","19670426","50 SAMOSET AVENUE","QUINCY","MA","02169","1128a3","20200720","00000000","00000000",
"HONAKER","MICHELE","ANNETTE ",,"EMPLOYEE - PRIVATE S","PERSONAL CARE PROVID",,"1265575872","19730813","306 HYATT STREET","RICHLANDS","VA","24641","1128a1","20200720","00000000","00000000",
"HOOVER","PAUL","MICHAEL ",,"PHYSICIAN (MD, DO)","PAIN MANAGEMENT",,"1750348637","19600830","P O BOX 1000, #25030-111","MORGANTOWN","WV","26507","1128a1   ","20200720","00000000","00000000",
"HUFF","PATRICK","JOSEPH ",,"IND- LIC HC SERV PRO","THERAPIST",,"0000000000","19710903","2086 SW GEMINI LN","PORT SAINT LUCIE","FL","34984","1128b4","20200720","00000000","00000000",
"HUSSEIN","ALIET"," ",,"BUS OWNER/EXEC","PHARMACY",,"0000000000","19890809","P O BOX 4000, #17893-104","ALICEVILLE","AL","35442","1128a1","20200720","00000000","00000000",
"IMAI","JEREMY","J ",,"EMPLOYEE - PRIVATE S","MARKETING FIRM",,"0000000000","19781222","P O BOX 30080, #06260-122","HONOLULU","HI","96820","1128a3","20200720","00000000","00000000",
"JACKSON","DEANGELA","LATREECE ",,"IND- LIC HC SERV PRO","NURSE/NURSES AIDE",,"0000000000","19951031","242 EDISON ST","PONTIAC","MI","48342","1128a2","20200720","00000000","00000000",
"JACKSON","REGINA","L ",,"INDIVIDUAL (UNAFFILI","NO KNOWN AFFILIATION",,"0000000000","19870622","1320 61ST STREET, UPPER 2","KENOSHA","WI","53143","1128a1","20200720","00000000","00000000",
"JACOB","FAYE","H ",,"BUS OWNER/EXEC","ADULT HOME",,"0000000000","19561212","727 E CESAR E CHAVEZ BLVD, SUI","SAN ANTONIO","TX","78206","1128a1","20200720","00000000","00000000",
"JAIME","JUAN","CARLOS ",,"BUS OWNER/EXEC","HOME HEALTH AGENCY",,"0000000000","19510208","2001 RICKABAUGH DRIVE, #18131-","BIG SPRING","TX","79720","1128a1","20200720","00000000","00000000",
"JAIN","PAWANKUMAR"," ",,"PHYSICIAN (MD, DO)","PSYCHIATRY",,"1255404471","19520808","727 EAST CESAR E CHAVEZ BLVD,","SAN ANTONIO","TX","78206","1128a4","20200720","00000000","00000000",
"JEAN-JACQUES","CLARKDIA"," ",,"IND- LIC HC SERV PRO","NURSE/NURSES AIDE",,"0000000000","19771023","105 LINCOLN ROAD, APT 2C","BROOKLYN","NY","11225","1128a2","20200720","00000000","00000000",
"JOHNSON","EARNESTINE"," ",,"EMPLOYEE - PRIVATE S","COMM MNTL HLTH CNTR",,"0000000000","19590125","3363 MCCUE ROAD, APT 339","HOUSTON","TX","77056","1128a1","20200720","00000000","00000000",
"JOHNSON","LASHONDA"," ",,"INDIVIDUAL (UNAFFILI","PERSONAL CARE PROVID",,"0000000000","19720729","P O BOX 2698","FLORISSANT","MO","63032","1128a1","20200720","00000000","00000000",
"JOHNSON","MARY","E ",,"EMPLOYEE - PRIVATE S","HOSPITAL",,"0000000000","19550124","809 N STATE ST, APT 312","JACKSON","MS","39202","1128a2","20200720","00000000","00000000",
"JONES","MI","CHA ",,"IND- LIC HC SERV PRO","THERAPIST",,"0000000000","19540928","400 EMMA SMELCER LN","MURPHY","NC","28906","1128b4","20200720","00000000","00000000",
"KAHL","SHEILA","L ",,"BUS OWNER/EXEC","CONSULTING FIRM",,"0000000000","19720307","2ND & CHESTNUT ST, 7TH FLOOR,","PHILADELPHIA","PA","19106","1128a1","20200720","00000000","00000000",
"KAISER","MARK","DOUGLAS ",,"BUS OWNER/EXEC","MANUF/LESSOR SUPP/EQ",,"0000000000","19831024","16617 5TH AVENUE, E","BRADENTON","FL","34212","1128b7","20200601","00000000","00000000",
"KALLINI","ADEL","A ",,"PHYSICIAN (MD, DO)","PAIN MANAGEMENT",,"1013087741","19390401","16437 BRIDLEWOOD CIRCLE","DELRAY BEACH","FL","33445","1128Aa","20200430","00000000","00000000",
"KENT","CECIL","J ",,"IND- LIC HC SERV PRO","EMERGENCY MED TECH",,"0000000000","19560609","633 SE COOLIDGE AVE","LEE","FL","32059","1128b4","20200720","00000000","00000000",
"KHAN","SADAT","A ",,"BUS OWNER/EXEC","TRANSPORTATION CO",,"0000000000","19881216","630 23RD STREET","NIAGARA FALLS","NY","14301","1128a1","20200720","00000000","00000000",
"KING","ANTHONY","MARKEITH ",,"BUS OWNER/EXEC","CLINIC",,"0000000000","19750524","P O BOX 9000, #29099-009","FORREST CITY","AR","72336","1128a4","20200720","00000000","00000000",
"KING","CHRISTOPHER","STEVEN ",,"IND- LIC HC SERV PRO","NURSE/NURSES AIDE",,"0000000000","19720919","6562 E PRINCETON AVENUE","FRESNO","CA","93727","1128a2","20200720","00000000","00000000",
"KIRBY","KATHLEEN","ANNE ",,"IND- LIC HC SERV PRO","NURSE/NURSES AIDE",,"0000000000","19580209","30674 FOREST PARKE DRIVE, APT","FERNANDINA BEACH","FL","32034","1128a4","20200720","00000000","00000000",
"KRUEGER","DAWN"," ",,"INDIVIDUAL (UNAFFILI","NO KNOWN AFFILIATION",,"0000000000","19670815","2329 MINERVA STREET, APT 2329","OSHKOSH","WI","54901","1128a2","20200720","00000000","00000000",
"LACASSIN","JOANNE","PATRICIA PELLEG",,"IND- LIC HC SERV PRO","NURSE/NURSES AIDE",,"0000000000","19660731","201 SIGMA ST","BELLE CHASSE","LA","70037","1128b4","20200720","00000000","00000000",
"LAUPATI","LIKO"," ",,"INDIVIDUAL (UNAFFILI","PERSONAL CARE PROVID",,"0000000000","19840707","33100 LAKE MEAD DR","FREMONT","CA","94555","1128a1","20200720","00000000","00000000",
"LAWTON","WILLIE","ORLANDO III",,"IND- LIC HC SERV PRO","NURSE/NURSES AIDE",,"0000000000","19631130","P O BOX 252","CUSTER","WA","98240","1128b4","20200720","00000000","00000000",
"LEWIS","CHARLES","SCOTT III",,"INDIVIDUAL (UNAFFILI","RECRUITER/CAPPER",,"1619343514","19830320","11281 ROSEMARY ST","DETROIT","MI","48213","1128a1","20200720","00000000","00000000",
"LEWIS","VERNITA"," ",,"IND- LIC HC SERV PRO","NURSE/NURSES AIDE",,"1730578832","19800805","2153 PENFIELD AVE","SAINT LOUIS","MO","63114","1128a1","20200720","00000000","00000000",
"LIPETZ","MARK","D ",,"PHYSICIAN (MD, DO)","INTERNAL MEDICINE",,"1306919956","19680811","535 KUPULAU DRIVE","KIHEI","HI","96753","1128a1   ","20200720","00000000","00000000",
"LONG","LORRAINE","L ",,"INDIVIDUAL (UNAFFILI","RECIPT/BENEFICIARY",,"0000000000","19551017","120 SAINT CLARA STREET","HOUTZDALE","PA","16651","1128a1","20200720","00000000","00000000",
"LOPEZ-GONZALEZ","FRANK"," ",,"BUS OWNER/EXEC","HOME HEALTH AGENCY",,"0000000000","19720214","P O BOX 019120, #83867-004","MIAMI","FL","33101","1128a1","20200720","00000000","00000000",
"LUSK","BETTIE"," ",,"INDIVIDUAL (UNAFFILI","PERSONAL CARE PROVID",,"0000000000","19570828","241 EAST PLAINS PORT HUDSON RO","ZACHARY","LA","70791","1128a1","20200720","00000000","00000000",
"MADRIGAL","AMANDA","LYNN SILVERMAN ",,"EMPLOYEE - PRIVATE S","PERSONAL CARE PROVID",,"0000000000","19870516","711 NW A ST, APT 5","TOLEDO","OR","97391","1128a1","20200720","00000000","00000000",
"MALDONADO","DIANE","EILEEN ",,"EMPLOYEE - PRIVATE S","DENTAL PRACTICE",,"0000000000","19570223","3574 ALA LOKE PLACE","KALAHEO","HI","96741","1128a3","20200720","00000000","00000000",
"MALOY","DANIEL","KEITH ",,"INDIVIDUAL (UNAFFILI","PERSONAL CARE PROVID",,"0000000000","19770307","1045 SOUTH 1700 WEST, APT 1013","PAYSON","UT","84651","1128a2","20200720","00000000","00000000",
"MANALASTAS","THELMA","PAGULAYAN ",,"IND- LIC HC SERV PRO","NURSE/NURSES AIDE",,"1134664550","19460103","2927 EL DORADO STREET","TORRANCE","CA","90503","1128a2","20200720","00000000","00000000",
"MARINOS JR","PETER","LEO ",,"IND- LIC HC SERV PRO","NURSE/NURSES AIDE",,"0000000000","19871120","8 JONES LANE","SAGAMORE BEACH","MA","02562","1128b4","20200720","00000000","00000000",
"MARRERO-CASTELLANOS","FIDEL","A ",,"INDIVIDUAL (UNAFFILI","RECRUITER/CAPPER",,"0000000000","19620502","13421 SW 54TH STREET","MIAMI","FL","33175","1128a1","20200720","00000000","00000000",
"MARSH","JOHN","ANTHONY ",,"IND- LIC HC SERV PRO","OPTICIAN",,"1548489156","19630924","900 LEGACY PARK DRIVE, APT 624","LAWRENCEVILLE","GA","30043","1128a1","20200720","00000000","00000000",
"MARTINEZ-LOPEZ","ANTONIO","RAMON ",,"BUS OWNER/EXEC","PHYS THERAPY PROVIDE",,"0000000000","19810919","MAXWELL AIR FORCE BASE, #66991","MONTGOMERY","AL","36112","1128a3","20200720","00000000","00000000",
"MASICLAT","MYLENE"," ",,"BUS OWNER/EXEC","HOME HEALTH AGENCY",,"0000000000","19640119","5721 CARIBOU LANE","HOFFMAN ESTATES","IL","60192","1128a1","20200720","00000000","00000000",
"MATA","BLANCA"," ",,"EMPLOYEE - PRIVATE S","PHYSICIAN PRACTICE (",,"0000000000","19690103","14033 PRAIRIE CIRCLE","FORNEY","TX","75126","1128a1","20200720","00000000","00000000",
"MATHIS","MARCUS"," ",,"EMPLOYEE - PRIVATE S","TRANSPORTATION CO",,"0000000000","19770207","6020 BUFFALO AVENUE, APT 4","NIAGARA FALLS","NY","14304","1128a1","20200720","00000000","00000000",
"MAURI","TABITHA","SUE ",,"IND- LIC HC SERV PRO","NURSE/NURSES AIDE",,"0000000000","19780331","1659 4TH AVE, E","DICKINSON","ND","58601","1128b4","20200720","00000000","00000000",
"MAZARIEGOS","CARLOS","JUAN ",,"IND- LIC HC SERV PRO","PHARMACIST",,"0000000000","19761224","6303 COUNTY RD 500, #68583-018","WILDWOOD","FL","34785","1128a1   ","20200720","00000000","00000000",
"MCCRARY","THEODORE","WILLIAM ",,"IND- LIC HC SERV PRO","PHYSICIAN ASSISTANT",,"1356334973","19470825","102 NEWARK LN, BLDG 1","OAK RIDGE","TN","37830","1128b4","20200720","00000000","00000000",
"MCCULLOUGH","PATRICIA","ROBERSON ",,"INDIVIDUAL (UNAFFILI","PERSONAL CARE PROVID",,"0000000000","19590115","261 MOMENTO AVENUE","PERRIS","CA","92571","1128a2","20200720","00000000","00000000",
"MCDONALD","MARY"," ",,"BUS OWNER/EXEC","ADULT HOME",,"0000000000","19350131","3202 SOUTHWICK DR","SAINT CHARLES","MO","63301","1128a1","20200720","00000000","00000000",
"MCGINNIS","KARIE","E ",,"IND- LIC HC SERV PRO","NURSE PRACTITIONER (",,"1629165659","19750424","807 E A STREET","ELIZABETHTON","TN","37643","1128b4","20200720","00000000","00000000",
"MCNAIR-COWART","TREASURE","LAXCRIZ ",,"IND- LIC HC SERV PRO","NURSE/NURSES AIDE",,"0000000000","19861223","8916 MANOR ST","DETROIT","MI","48204","1128a1","20200720","00000000","00000000",
"MEDINA","WILLIAM"," ",,"EMPLOYEE - PRIVATE S","TRANSPORTATION CO",,"0000000000","19830706","521 TRONOLONE PLACE, APT 1","NIAGARA FALLS","NY","14301","1128a1","20200720","00000000","00000000",
"MENA","TERESA","MARIA ",,"EMPLOYEE - PRIVATE S","PHYS THERAPY PROVIDE",,"0000000000","19560714","2430 SW 21ST TERRACE","MIAMI","FL","33145","1128a1","20200720","00000000","00000000",
"MENDEZ","RACHEL"," ",,"IND- LIC HC SERV PRO","NURSE/NURSES AIDE",,"0000000000","19680927","58 CHERYL CIRCLE","BELCHERTOWN","MA","01007","1128b4","20200720","00000000","00000000",
"MERRIWEATHER","MIA"," ",,"IND- LIC HC SERV PRO","NURSE/NURSES AIDE",,"0000000000","19751003","8206 ROCKVILLE ROAD, APT 262","INDIANAPOLIS","IN","46214","1128a1","20200720","00000000","00000000",
"MESA SIXTO","JOSE","A ",,"BUS OWNER/EXEC","HOME HEALTH AGENCY",,"0000000000","19650511","P O BOX 019120, #19671-104","MIAMI","FL","33101","1128a1","20200720","00000000","00000000",
"MITCHELL","WILLIE","CHESTER II",,"BUS OWNER/EXEC","DME - GENERAL",,"0000000000","19810709","P O BOX 4200, #73881-379","THREE RIVERS","TX","78071","1128a1","20200720","00000000","00000000",
"MOHAMED","ABDISAMAD","AHMED ",,"BUS OWNER/EXEC","TRANSPORTATION CO",,"0000000000","19740101","4552 BLAYLOCK WAY","INNER GROVE HEIGHTS","MN","55076","1128a1","20200720","00000000","00000000",
"MOHIUDDIN","GULAM"," ",,"BUS OWNER/EXEC","RADIOLOGY FACILITY",,"0000000000","19470614","618 BRIDGE PARK DR","TROY","MI","48098","1128a1","20200720","00000000","00000000",
"MONTE","FRANK","VINCENT ",,"BUS OWNER/EXEC","DRUG COMPANY/SUPLIER",,"0000000000","19790427","MAXWELL AIR FORCE BASE, #70282","MONTGOMERY","AL","36112","1128a3","20200720","00000000","00000000",
"MOREHOUSE","ANISTAZZIA","COCHESE ",,"IND- LIC HC SERV PRO","NURSE/NURSES AIDE",,"0000000000","19850118","3962 OLD DUNN ROAD","APOPKA","FL","32712","1128b4","20200720","00000000","00000000",
"MSALLATI","HEND"," ",,"INDIVIDUAL (UNAFFILI","PERSONAL CARE PROVID",,"0000000000","19850303","4 SAN SOUCI DRIVE","BALLWIN","MO","63011","1128a1","20200720","00000000","00000000",
"MUHAMMAD","NAIM","A ",,"BUS OWNER/EXEC","PSYCHOLOGIC PRACTICE",,"0000000000","19631024","P O BOX 1000","MARION","IL","62959","1128a1","20200720","00000000","00000000",
"MUNOZ","DONNA","LYNN ",,"IND- LIC HC SERV PRO","NURSE PRACTITIONER (",,"1366749038","19490917","2760 PLACENTIA STREET","SAN JACINTO","CA","92582","1128b4","20200720","00000000","00000000",
"MYERS","ASHLEY","LASHAY ",,"IND- LIC HC SERV PRO","NURSE/NURSES AIDE",,"0000000000","19900918","1009 PEYTON AVE","JACKSON","MS","39209","1128a2","20200720","00000000","00000000",
"NAUM","GEORGE","PHILLIP III",,"PHYSICIAN (MD, DO)","FAMILY PRACTICE",,"1902818743","19590313","P O  BOX 1000","MORGANTOWN","WV","26507","1128a4","20200720","00000000","00000000",
"NAZARIO","DAVID"," ",,"IND- LIC HC SERV PRO","THERAPIST",,"0000000000","19720410","4923 EXPRESS DR, N","RONKONKOMA","NY","11779","1128b4","20200720","00000000","00000000",
"NELSON","CORNELIA","ANN PEEK ",,"IND- LIC HC SERV PRO","NURSE/NURSES AIDE",,"0000000000","19700425","207 KENT BARROW RD","DEQUINCY","LA","70633","1128b4","20200720","00000000","00000000",
"NICHOLS","AMANDA"," ",,"INDIVIDUAL (UNAFFILI","PERSONAL CARE PROVID",,"0000000000","19870608","514 NORTH OAKLAND STREET","URBANA","OH","43078","1128a1","20200720","00000000","00000000",
"OTTO","MARY"," ",,"EMPLOYEE - PRIVATE S","PSYCHOLOGIC PRACTICE",,"0000000000","19660619","GLEN RAY ROAD BOX A, #93587-08","ALDERSON","WV","24910","1128a1","20200720","00000000","00000000",
"OTUONYE","EBUBE","P ",,"BUS OWNER/EXEC","PHARMACY",,"1194250688","19720903","P O BOX 15330, #29268-031","FORT WORTH","TX","76119","1128a1   ","20200720","00000000","00000000",
"PACE","INGER","MICHELLE ",,"EMPLOYEE - PRIVATE S","COMM MNTL HLTH CNTR",,"0000000000","19621030","3134 CYPRESS POINT DRIVE","MISSOURI CITY","TX","77459","1128a1","20200720","00000000","00000000",
"PATE","DETRA","KAY WILEY ",,"BUS OWNER/EXEC","DME - OXYGEN",,"0000000000","19641116","P O BOX 1031, #22511-021","COLEMAN","FL","33521","1128a1","20200720","00000000","00000000",
"PATRICK","TRIMEEKA"," ",,"IND- LIC HC SERV PRO","HEALTH CARE AIDE",,"0000000000","19771202","1375 E 89TH STREET","CLEVELAND","OH","44106","1128a1","20200720","00000000","00000000",
"PELLEGRINO","RAYMOND","RICHARD ",,"IND- LIC HC SERV PRO","CHIROPRACTIC",,"1710050125","19680520","P O BOX 1000, #28073-078","OTISVILLE","NY","10963","1128a3","20200720","00000000","00000000",
"PEPE","ANTHONY"," ",,"INDIVIDUAL (UNAFFILI","NO KNOWN AFFILIATION",,"0000000000","19770818","P O BOX 1000, #71676-050","LEWISBURG","PA","17837","1128a4","20200720","00000000","00000000",
"PEREZ","ANTHONY","GOTERA ",,"BUS OWNER/EXEC","ASSISTED LIVING FACI",,"0000000000","19730210","500 EAGLERIDGE CT","ANTIOCH","CA","94509","1128a3","20200720","00000000","00000000",
"PERKINS","KYLE","R ",,"INDIVIDUAL (UNAFFILI","PERSONAL CARE PROVID",,"0000000000","19840518","238 STEVENS ROAD","EAST THETFORD","VT","05043","1128a1","20200720","00000000","00000000",
"PERRIN","LAUREN","M ",,"IND- LIC HC SERV PRO","NURSE/NURSES AIDE",,"0000000000","19710311","GLEN RAY ROAD BOX A, #01515-13","ALDERSON","WV","24910","1128a3","20200720","00000000","00000000",
"PERVEZ","KASHIF"," ",,"EMPLOYEE - PRIVATE S","TRANSPORTATION CO",,"1366952467","19820811","630 23RD STREET","NIAGARA FALLS","NY","14301","1128a1","20200720","00000000","00000000",
"PITRE","LINDEDDAH","OLIVIANNA ",,"IND- LIC HC SERV PRO","NURSE/NURSES AIDE",,"0000000000","19870612","6588 PINE POINT RD","VILLE PLATTE","LA","70586","1128b4","20200720","00000000","00000000",
"POAGE","CHAD","HARRISON ",,"PHYSICIAN (MD, DO)","ORTHOPEDICS",,"1568695047","19830607","163 TIMERBROOK LANE","BRIDGEPORT","WV","26330","1128a4","20200720","00000000","00000000",
"POTTS","GARY","LEE ",,"BUS OWNER/EXEC","ASSISTED LIVING FACI",,"0000000000","19540731","239 BEACH CITY RD, APT 3235","HILTON HEAD ISLAND","SC","29926","1128a2","20200720","00000000","00000000",
"PRICE","MALISSA","GRIFFITH ",,"EMPLOYEE - PRIVATE S","REHAB FACILITY - GEN",,"0000000000","19680912","P O BOX 984","MOUNT OLIVE","MS","39119","1128a2","20200720","00000000","00000000",
"QADIR","RIZWAN"," ",,"PHYSICIAN (MD, DO)","NEUROLOGY","H14795","1427136043","19620925","770 FALMOUTH DR","BLOOMFIELD HILLS","MI","48304","1128a1","20200720","00000000","00000000",
"QUITONI","RICHARD","C ",,"EMPLOYEE - PRIVATE S","TRANSPORTATION CO",,"1295091122","19890908","9000 OLD RIVER ROAD, P O BOX 3","MARCY","NY","13403","1128a1","20200720","00000000","00000000",
"RAINES","KRISTEN","L ",,"IND- LIC HC SERV PRO","NURSE PRACTITIONER (",,"1396989646","19770102","P O BOX 27137, #29091-009","FORT WORTH","TX","76127","1128a4","20200720","00000000","00000000",
"RAMDIAL","RISHI"," ",,"IND- LIC HC SERV PRO","PHARMACY TECHNICIAN",,"0000000000","19790324","382 SOUTHWEST MCI WAY, #N70676","MADISON","FL","32340","1128a4","20200720","00000000","00000000",
"RAMIREZ","DANA","RENEE ",,"BUS OWNER/EXEC","ASSISTED LIVING FACI",,"0000000000","19540218","13865 TITONKA ROAD","APPLE VALLEY","CA","92307","1128b1","20200720","00000000","00000000",
"RAMIREZ","JOHN","P ",,"PHYSICIAN (MD, DO)","FAMILY PRACTICE",,"1114022936","19531126","P O BOX 526255, #14886-479","HOUSTON","TX","77052","1128a1","20200720","00000000","00000000",
"RAVIZZA","DOMINIC","JOSEPH ",,"IND- LIC HC SERV PRO","NURSE/NURSES AIDE",,"0000000000","19880317","26935 AVENIDA TERRAZA","SANTA CLARITA","CA","91350","1128b4","20200720","00000000","00000000",
"REHFUSS","SETH","J ",,"BUS OWNER/EXEC","CONSULTING FIRM",,"0000000000","19740826","P O BOX 1000, #68450-050","LEWISBURG","PA","17837","1128a1","20200720","00000000","00000000",
"REVIS","DEANNA","NELSON ",,"IND- LIC HC SERV PRO","NURSE/NURSES AIDE",,"0000000000","19801129","1046 TROGDON DRIVE","EDEN","NC","27288","1128b4","20200720","00000000","00000000",
"REYES","MARLEN","GUERRA ",,"IND- LIC HC SERV PRO","NURSE/NURSES AIDE",,"0000000000","19740124","5545 1ST AVE E, APT 308","BRADENTON","FL","34208","1128b4","20200720","00000000","00000000",
"REYNERSON","HEATHER","R ",,"IND- LIC HC SERV PRO","NURSE/NURSES AIDE",,"0000000000","19731106","7670 FARGO DRIVE","COLORADO SPRINGS","CO","80920","1128b4","20200720","00000000","00000000",
"REYNOLDS","ROSZLYN"," ",,"INDIVIDUAL (UNAFFILI","PERSONAL CARE PROVID",,"0000000000","19910605","5700 NORTH 12TH STREET, APT 1","PHILADELPHIA","PA","19141","1128a1","20200720","00000000","00000000",
"RICE","BLAKE","C ",,"IND- LIC HC SERV PRO","THERAPIST",,"0000000000","19861102","3835 26TH ST, N","SAINT PETERSBURG","FL","33714","1128b4","20200720","00000000","00000000",
"RICE","DEBRA","M ",,"IND- LIC HC SERV PRO","NURSE PRACTITIONER (",,"1659425387","19560328","5277 INDIAN OCEAN LOOP","TAVARES","FL","32778","1128a4","20200720","00000000","00000000",
"RICHARDSON","LILLIAN","C ",,"BUS OWNER/EXEC","HOME HEALTH AGENCY",,"0000000000","19641007","700 10TH STREET NW, APT 15","NEW BRIGHTON","MN","55112","1128a1","20200720","00000000","00000000",
"RICKS","FELICIA","D ",,"IND- LIC HC SERV PRO","HEALTH CARE AIDE",,"0000000000","19801011","610 COTTON AVE","CARUTHERSVILLE","MO","63830","1128a1","20200720","00000000","00000000",
"RISH","MELISSA","MARIE ",,"IND- LIC HC SERV PRO","THERAPIST",,"1457421695","19790917","5471 GLEN CANYON DR","LONGMONT","CO","80504","1128a1","20200720","00000000","00000000",
"ROBERTS","NATALIA","MIKHAIL ",,"IND- LIC HC SERV PRO","NURSE/NURSES AIDE",,"0000000000","19851123","341 S SANTA FE STREET","HEMET","CA","92543","1128b4","20200720","00000000","00000000",
"RODGERS","ELIZABETH","RENE YANTIS ",,"IND- LIC HC SERV PRO","NURSE/NURSES AIDE",,"0000000000","19660925","2944 MCHUGH RD","ZACHARY","LA","70791","1128b4","20200720","00000000","00000000",
"ROGERS","SAMANTHA","JO ",,"IND- LIC HC SERV PRO","PHYSICAL THERAPY",,"1336655208","19860221","206 S LOUISIANA AVE","MASON CITY","IA","50401","1128a3","20200720","00000000","00000000",
"ROSS","FARRAH","FAWCETT ",,"IND- LIC HC SERV PRO","HEALTH CARE AIDE",,"0000000000","19770331","6000 SHENANDOAH LN N, UNIT D","MINNEAPOLIS","MN","55446","1128a1","20200720","00000000","00000000",
"ROZIER","ASAN"," ",,"EMPLOYEE - PRIVATE S","MENTAL/BEHAVIORAL HE",,"0000000000","19860525","710 7TH AVENUE","FOLSOM","PA","19033","1128a1","20200720","00000000","00000000",
"RUPPERT","RICHARD","RAYMOND ",,"INDIVIDUAL (UNAFFILI","NO KNOWN AFFILIATION",,"0000000000","19640418","10511 HAYWOOD DRIVE","LAS VEGAS","NV","89135","1128a3","20200720","00000000","00000000",
"RUSH","COLLEEN","T ",,"IND- LIC HC SERV PRO","NURSE/NURSES AIDE",,"0000000000","19751022","1357 NEWMAN DRIVE","ZANESVILLE","OH","43701","1128a4","20200720","00000000","00000000",
"SABORI BLANCO","OSCAR"," ",,"INDIVIDUAL (UNAFFILI","RECRUITER/CAPPER",,"0000000000","19841119","3140 NW 53RD LN","MIAMI","FL","33142","1128a1","20200720","00000000","00000000",
"SAENZ","RUBEN","DARIO ",,"IND- LIC HC SERV PRO","THERAPIST",,"0000000000","19861101","5813 S 38TH ST","LAKE WORTH","FL","33463","1128b4","20200720","00000000","00000000",
"SAMUEL","STEVEN"," ",,"INDIVIDUAL (UNAFFILI","PERSONAL CARE PROVID",,"0000000000","19640614","654 GENTI STREET","NATCHITOCHES","LA","71457","1128a1","20200720","00000000","00000000",
"SAMY","CHRIS","DEVA ",,"PHYSICIAN (MD, DO)","INTERNAL MEDICINE",,"1740211655","19480121","80 GROSSE PINES DR","ROCHESTER HILLS","MI","48309","1128a4","20200720","00000000","00000000",
"SAUNDERS","BARNARD"," ",,"EMPLOYEE - PRIVATE S","BOARDING HOME",,"0000000000","19590809","4000 ORANGE ST, #201933908-7E0","RIVERSIDE","CA","92501","1128a3","20200720","00000000","00000000",
"SAYEGH","TARIQ"," ",,"IND- LIC HC SERV PRO","DENTIST",,"0000000000","19780717","5716 BROADWAY AVE","CLEVELAND","OH","44127","1128a3","20200720","00000000","00000000",
"SCHOTT","RICHARD","N ",,"IND- LIC HC SERV PRO","DENTIST",,"1689904278","19661118","701 BROADWAY ST, SUITE 124, #2","NASHVILLE","TN","37203","1128a1","20200720","00000000","00000000",
"SEGOVIA","STACY","LYNN ",,"IND- LIC HC SERV PRO","TECHNICIAN",,"0000000000","19770108","665 CAMELOT WAY","PORTERVILLE","CA","93257","1128b4","20200720","00000000","00000000",
"SHEPHERD","ANN","NWOKO ",,"BUS OWNER/EXEC","CLINIC",,"0000000000","19560323","P O BOX 4000, #14951-479","ALICEVILLE","AL","35442","1128a1","20200720","00000000","00000000",
"SHIFORENKO","MIKHAIL"," ",,"BUS OWNER/EXEC","CLINIC",,"0000000000","19720117","P O BOX 26020, #80859-379","RICHMOND","TX","77720","1128a1","20200720","00000000","00000000",
"SHIPMAN-MILLER","NOREEN"," ",,"INDIVIDUAL (UNAFFILI","PERSONAL CARE PROVID",,"0000000000","19550705","200 SETH GREEN DRIVE, APT 521","ROCHESTER","NY","14621","1128a1","20200720","00000000","00000000",
"SIDDIQUI","SOHAIL","R ",,"PHYSICIAN (MD, DO)","INTERNAL MEDICINE",,"1184616898","19620604","P O BOX 1010, #14881-479","BASTROP","TX","78602","1128a1","20200720","00000000","00000000",
"SIKORSKI","GREGORY","STEPHEN ",,"IND- LIC HC SERV PRO","PHYSICIAN ASSISTANT",,"1811321870","19700728","P O BOX 3949, #70686-018","PENSACOLA","FL","32516","1128a1","20200720","00000000","00000000",
"SITGES RAMOS","ANDRES"," ",,"EMPLOYEE - PRIVATE S","PHYS THERAPY PROVIDE",,"0000000000","19440204","465 E 54TH STREET","HIALEAH","FL","33013","1128a1","20200720","00000000","00000000",
"SMALL","ORLANDO","LEMAR ",,"BUS OWNER/EXEC","MENTAL/BEHAVIORAL HE",,"0000000000","19720519","9320 LEE AVENUE, #1500665","MANASSAS","VA","20110","1128a1","20200720","00000000","00000000",
"SMITH","DELVEINYA"," ",,"EMPLOYEE - PRIVATE S","PERSONAL CARE PROVID",,"0000000000","19600227","7406 BRIAR ROAD","PHILADELPHIA","PA","19138","1128a1","20200720","00000000","00000000",
"SMITH","MELISSA","R ",,"IND- LIC HC SERV PRO","NURSE/NURSES AIDE",,"0000000000","19741115","P O BOX 313","PARAGON","IN","46166","1128a3","20200720","00000000","00000000",
"SMITH","RICHARD","D ",,"INDIVIDUAL (UNAFFILI","PERSONAL CARE PROVID",,"0000000000","19750624","P O BOX 190, #000479350G","AVENEL","NJ","07001","1128a2","20200720","00000000","00000000",
"SMITHERS","JOEL","A ",,"PHYSICIAN (MD, DO)","PAIN MANAGEMENT",,"1659639631","19821030","P O BOX 4000, #21919-084","MANCHESTER","KY","40962","1128a4","20200720","00000000","00000000",
"SMOLITSKY","RAISA"," ",,"EMPLOYEE - PRIVATE S","CLINIC",,"0000000000","19521217","96 EUCLID AVENUE, APT 2","STAMFORD","CT","06902","1128a1","20200720","00000000","00000000",
"SORIANO","DINO","VINCENT ",,"IND- LIC HC SERV PRO","NURSE PRACTITIONER (",,"1992999759","19680411","171 CLOVER POINT CIR, 148","GUYTON","GA","05344","1128a1","20200720","00000000","00000000",
"SPRUELL","SHANDE","RANDELL ",,"IND- LIC HC SERV PRO","NURSE/NURSES AIDE",,"0000000000","19860927","307 NORTH HOGAN STREET","PRYOR","OK","74361","1128b4","20200720","00000000","00000000",
"SUAREZ-GONZALEZ","ANNIE"," ",,"INDIVIDUAL (UNAFFILI","RECRUITER/CAPPER",,"0000000000","19840127","2375 W OKEECHOBEE ROAD, APT 2","HIALEAH","FL","33010","1128a1","20200720","00000000","00000000",
"SUERO","GILBERTO"," ",,"IND- LIC HC SERV PRO","SOCIAL WORKER",,"1336492917","19670928","1024 SCHUYLER STREET","ENDICOTT","NY","13760","1128a2","20200720","00000000","00000000",
"TAMAYO","EVA"," ",,"EMPLOYEE - PRIVATE S","ASSISTED LIVING FACI",,"0000000000","19641101","16467 FONTLEE LANE","FONTANA","CA","92335","1128a2","20200720","00000000","00000000",
"TAMAYO","JULIETTE","ANAIS ",,"BUS OWNER/EXEC","PHYSICIAN PRACTICE (",,"0000000000","19640911","P O BOX 1031, #18849-104","COLEMAN","FL","33521","1128a1","20200720","00000000","00000000",
"TANKSLEY","KENNETH","EUGENE ",,"EMPLOYEE - PRIVATE S","HOSPICE",,"0000000000","19910422","3794-MS 468, #224439","PEARL","MS","39208","1128a2","20200720","00000000","00000000",
"TAYLOR","AMY","MARIE ",,"IND- LIC HC SERV PRO","NURSE/NURSES AIDE",,"0000000000","19840828","4889 SAVANNAH HAWK DRIVE","COLORADO SPRINGS","CO","80916","1128b4","20200720","00000000","00000000",
"THOMAS","CHARLES","ROGER ",,"IND- LIC HC SERV PRO","THERAPIST",,"1114133998","19610425","5809 SW 115TH STREET ROAD","OCALA","FL","34476","1128a2","20200720","00000000","00000000",
"TILLMAN","AMY","LEE ",,"INDIVIDUAL (UNAFFILI","RECIPT/BENEFICIARY",,"0000000000","19571126","7599 CHRYSLER DR, APT 10","DETROIT","MI","48211","1128a1","20200720","00000000","00000000",
"TINSLEY","DORI","LYNN ",,"EMPLOYEE - PRIVATE S","ASSISTED LIVING FACI",,"0000000000","19730821","5411 BIRK WAY","SACRAMENTO","CA","95835","1128a2","20200720","00000000","00000000",
"TOLEDO","JENNY","MANIQUIS ",,"EMPLOYEE - PRIVATE S","ADULT HOME",,"0000000000","19840102","210 E 227TH ST","CARSON","CA","90745","1128a2","20200720","00000000","00000000",
"TORRES","AMY","SUE ",,"IND- LIC HC SERV PRO","NURSE/NURSES AIDE",,"0000000000","19691223","4780 TEAKWOOD DR,","OAKLEY","CA","94561","1128b4","20200720","00000000","00000000",
"TRANTHAM","LISA","CAROL ",,"IND- LIC HC SERV PRO","NURSE/NURSES AIDE",,"0000000000","19620504","139 MILL CREEK ROAD","COPPERHILL","TN","37317","1128b4","20200720","00000000","00000000",
"TRIGG","KEMBERLY","CELESTE ",,"IND- LIC HC SERV PRO","NURSE/NURSES AIDE",,"0000000000","19640524","5715 HOUGHTON AVENUE","FORT WORTH","TX","76107","1128b4","20200720","00000000","00000000",
"TRUEBLOOD","ASHLEY"," ",,"IND- LIC HC SERV PRO","HEALTH CARE AIDE",,"0000000000","19921021","1584 AMES AVE, APT F","SAINT PAUL","MN","55106","1128a1","20200720","00000000","00000000",
"TRUONG","STEFANIA"," ",,"IND- LIC HC SERV PRO","NURSE/NURSES AIDE",,"0000000000","19790428","2497 MAPLEWOOD STREET","CUYAHOGA FALLS","OH","44221","1128a3","20200720","00000000","00000000",
"TUCCORI","NICOLE","ANN ",,"IND- LIC HC SERV PRO","NURSE/NURSES AIDE",,"0000000000","19790120","308 DELLEKER DRIVE","PORTOLA","CA","96122","1128b4","20200720","00000000","00000000",
"TURNER","RONALD"," ",,"EMPLOYEE - PRIVATE S","COMM MNTL HLTH CNTR",,"0000000000","19600425","3414 FARREL HILL STREET","FRESNO","TX","77545","1128a1","20200720","00000000","00000000",
"UDUJI","NKIRU"," ",,"IND- LIC HC SERV PRO","HEALTH CARE AIDE",,"1508127267","19700929","5654 WHITFIELD CHAPEL ROAD, AP","LANHAM","MD","20706","1128a1","20200720","00000000","00000000",
"VAID","ISHAQ"," ",,"INDIVIDUAL (UNAFFILI","RECRUITER/CAPPER",,"0000000000","19640731","3072 TURNBERRY LN","ANN ARBOR","MI","48108","1128a1","20200720","00000000","00000000",
"VAN SYCKLE SMITH","MAEGAN"," ",,"IND- LIC HC SERV PRO","NURSE/NURSES AIDE",,"0000000000","19791005","1642 PARK PLACE DRIVE","WESTERVILLE","OH","43081","1128a2","20200720","00000000","00000000",
"VARGAS","VANESSA","M ",,"EMPLOYEE - PRIVATE S","PERSONAL CARE PROVID",,"0000000000","19890519","434 WEST GREENWICH STREET","READING","PA","19601","1128a1","20200720","00000000","00000000",
"VELAZQUEZ","SUZANNA","DIANE ",,"IND- LIC HC SERV PRO","NURSE/NURSES AIDE",,"0000000000","19870127","6405 W MCDOWELL RD, APT 205","PHOENIX","AZ","85035","1128a3","20200720","00000000","00000000",
"WADE","LORI"," ",,"INDIVIDUAL (UNAFFILI","NO KNOWN AFFILIATION",,"0000000000","19690702","908 NE GLENDALE AVENUE, UNIT 1","PEORIA","IL","61603","1128a1","20200720","00000000","00000000",
"WATKINS","MONICA","RENE ",,"IND- LIC HC SERV PRO","NURSE/NURSES AIDE",,"0000000000","19841019","232 S BAILEY DRIVE","PUEBLO","CO","81007","1128b4","20200720","00000000","00000000",
"WATKINS-SMITH","AYANNA","RENEE ",,"INDIVIDUAL (UNAFFILI","PERSONAL CARE PROVID",,"0000000000","19730331","178 LYYN ST","VASSAR","MI","48768","1128a1","20200720","00000000","00000000",
"WESSEL","LOREN","SCOTT ",,"IND- LIC HC SERV PRO","PODIATRY",,"1326077256","19630623","P O BOX 5000, #76472-408","FLORENCE","CO","81226","1128a1","20200720","00000000","00000000",
"WHITE","MISTI","CAROLINE ",,"IND- LIC HC SERV PRO","NURSE/NURSES AIDE",,"0000000000","19751230","P O BOX 465","BIEBER","CA","96009","1128b4","20200720","00000000","00000000",
"WHITEMAN","MORTON","A ",,"INDIVIDUAL (UNAFFILI","NO KNOWN AFFILIATION",,"0000000000","19590507","744 HARRISON AVENUE","FRANKLIN","OH","45005","1128a2","20200720","00000000","00000000",
"WILLIAMS","JEANINE"," ",,"INDIVIDUAL (UNAFFILI","PERSONAL CARE PROVID",,"0000000000","19650917","1413 VESPASIAN STREET","NEW ORLEANS","LA","70114","1128a1","20200720","00000000","00000000",
"WILLIAMS","JENNIFER","L ",,"IND- LIC HC SERV PRO","NURSE/NURSES AIDE",,"0000000000","19800102","2559 PRATT ROAD","BATAVIA","NY","14020","1128a1","20200720","00000000","00000000",
"WILLIS","VERNITA","M ",,"IND- LIC HC SERV PRO","NURSE/NURSES AIDE",,"1366401978","19660803","5660 N 37TH STREET","MILWAUKEE","WI","53209","1128a1   ","20200720","00000000","00000000",
"WOGGON","ALAN","JOSHUA ",,"IND- LIC HC SERV PRO","CHIROPRACTIC",,"1619272945","19801028","1588 PEACH CT, NE","SAUK RAPIDS","MN","56379","1128b4","20200720","00000000","00000000",
"ZIMMERMAN","THADDEUS"," ",,"EMPLOYEE - PRIVATE S","PERSONAL CARE PROVID",,"0000000000","19840620","1620 SOUTH SALCEDO STREET","NEW ORLEANS","LA","70125","1128a1","20200720","00000000","00000000",
"ZOOBI","OMAR"," ",,"IND- LIC HC SERV PRO","PHARMACIST",,"1053622035","19720204","P O BOX 699, #50005-479","ESTILL","SC","29918","1128a1","20200720","00000000","00000000",
